Day,Date,Obama Approve,Obama Disapprove,Date,Bush Approve,Bush Disapprove
8,01/27/09,63.3,20,01/27/01,,
9,01/28/09,63.3,20,01/28/01,,
10,01/29/09,63.5,19.3,01/29/01,,
11,01/30/09,63.5,19.3,01/30/01,,
12,01/31/09,61.8,19.4,01/31/01,,
13,02/01/09,61.8,19.4,02/01/01,,
14,02/02/09,61.8,19.4,02/02/01,,
15,02/03/09,61.8,19.4,02/03/01,,
16,02/04/09,61.8,19.4,02/04/01,,
17,02/05/09,61.8,19.4,02/05/01,,
18,02/06/09,61.6,21.4,02/06/01,,
19,02/07/09,61.6,21.4,02/07/01,,
20,02/08/09,61.6,21.4,02/08/01,,
21,02/09/09,65.4,22.6,02/09/01,,
22,02/10/09,65.4,22.6,02/10/01,,
23,02/11/09,64.2,23.3,02/11/01,,
24,02/12/09,64.2,23.3,02/12/01,,
25,02/13/09,64.2,23.3,02/13/01,,
26,02/14/09,64.8,25.4,02/14/01,,
27,02/15/09,65.5,25.5,02/15/01,,
28,02/16/09,65.5,25.5,02/16/01,,
29,02/17/09,65.5,25.5,02/17/01,,
30,02/18/09,65.1,25.9,02/18/01,,
31,02/19/09,62.3,28.5,02/19/01,60,21
32,02/20/09,63.2,28.6,02/20/01,59.7,21.2
33,02/21/09,63.2,28.6,02/21/01,59.5,21.4
34,02/22/09,63.2,28.6,02/22/01,59.2,21
35,02/23/09,63,27.8,02/23/01,58.8,20.7
36,02/24/09,62.5,27.8,02/24/01,58.5,20.4
37,02/25/09,62.5,27.8,02/25/01,58.9,20.2
38,02/26/09,62.5,27.8,02/26/01,59.1,20.5
39,02/27/09,64.2,27.2,02/27/01,59.3,20
40,02/28/09,64.2,27.2,02/28/01,58.5,22
41,03/01/09,64.2,27.2,03/01/01,57.8,24.3
42,03/02/09,64.2,27.2,03/02/01,57.7,24.7
43,03/03/09,62.3,27.5,03/03/01,57.6,24.9
44,03/04/09,59.8,28.6,03/04/01,57.4,25.1
45,03/05/09,61.3,28,03/05/01,57.3,25.4
46,03/06/09,60.9,27.8,03/06/01,57.1,25.7
47,03/07/09,60.3,28.4,03/07/01,57,25.8
48,03/08/09,60.3,28.4,03/08/01,57.3,25.7
49,03/09/09,60.3,28.4,03/09/01,57,25.9
50,03/10/09,60.3,28.4,03/10/01,57.1,26.1
51,03/11/09,60.8,28.4,03/11/01,56.9,25.9
52,03/12/09,60.8,30.2,03/12/01,56.7,25.8
53,03/13/09,60.8,30.2,03/13/01,56.9,26
54,03/14/09,60.8,30.2,03/14/01,57,26.2
55,03/15/09,60.8,30.2,03/15/01,57.2,26
56,03/16/09,60.9,30.3,03/16/01,56.9,26.1
57,03/17/09,60.2,31.7,03/17/01,57,26
58,03/18/09,60.2,31.7,03/18/01,56.6,26.4
59,03/19/09,60.2,31.7,03/19/01,56.3,27
60,03/20/09,60.2,31.7,03/20/01,56.5,27.6
61,03/21/09,60.2,31.7,03/21/01,56.1,27.4
62,03/22/09,60.2,31.7,03/22/01,56.2,27.8
63,03/23/09,61.2,30.5,03/23/01,55.5,28.4
64,03/24/09,61.2,30.5,03/24/01,55.7,28
65,03/25/09,60.8,30.8,03/25/01,55.3,28.5
66,03/26/09,60.8,30.8,03/26/01,54.9,28.7
67,03/27/09,60.8,30.8,03/27/01,54.6,28.9
68,03/28/09,60.8,30.8,03/28/01,54.3,29
69,03/29/09,61,30.8,03/29/01,54.3,30
70,03/30/09,61,30.8,03/30/01,54.1,30.5
71,03/31/09,61.5,32.2,03/31/01,54,31
72,04/01/09,61,32,04/01/01,54.3,31.3
73,04/02/09,60.5,32.5,04/02/01,54.5,31.5
74,04/03/09,60.7,31.8,04/03/01,54.7,31.7
75,04/04/09,60.7,31.8,04/04/01,55,32
76,04/05/09,60.7,31.6,04/05/01,55.4,31.8
77,04/06/09,60.8,30.2,04/06/01,55.2,32.1
78,04/07/09,60.8,30.4,04/07/01,55.5,32.3
79,04/08/09,60.6,29.9,04/08/01,55.7,32.4
80,04/09/09,60.3,30.3,04/09/01,55.9,32.3
81,04/10/09,60.4,30.1,04/10/01,56,32.5
82,04/11/09,60.4,30.1,04/11/01,55.9,32.2
83,04/12/09,60.4,30.1,04/12/01,56.1,32
84,04/13/09,60.8,30.1,04/13/01,56.3,31.7
85,04/14/09,60.6,30.3,04/14/01,56.2,31.3
86,04/15/09,60.9,30.6,04/15/01,56.3,31
87,04/16/09,60.9,30.6,04/16/01,56.5,31.1
88,04/17/09,60.9,30.6,04/17/01,56.7,31.2
89,04/18/09,60.7,30.7,04/18/01,56.9,31
90,04/19/09,60.7,30.7,04/19/01,57.3,30.8
91,04/20/09,60.9,30.5,04/20/01,57.7,31
92,04/21/09,60.8,30.5,04/21/01,57.5,31.3
93,04/22/09,60.9,30.6,04/22/01,57.8,31.5
94,04/23/09,61.8,32.3,04/23/01,58,31.3
95,04/24/09,61.8,31.4,04/24/01,58.2,31.1
96,04/25/09,61.8,31.4,04/25/01,58.4,31
97,04/26/09,62.8,30.8,04/26/01,58.6,31.3
98,04/27/09,62.4,30.7,04/27/01,58.5,31
99,04/28/09,62.1,30.8,04/28/01,58.7,31.1
100,04/29/09,61.6,30.9,04/29/01,58.5,31.3
101,04/30/09,61.6,30.9,04/30/01,58.2,31.5
102,05/01/09,61.6,30.9,05/01/01,58,31
103,05/02/09,61.6,30.9,05/02/01,57.5,31.5
104,05/03/09,62.2,30.4,05/03/01,57.8,32
105,05/04/09,62.2,30.5,05/04/01,57.4,31.6
106,05/05/09,62.1,30.5,05/05/01,57.7,32
107,05/06/09,62.1,30.5,05/06/01,57.3,32.3
108,05/07/09,62.5,30.5,05/07/01,57,32.5
109,05/08/09,62.5,30.5,05/08/01,56.7,32.7
110,05/09/09,62.5,30.5,05/09/01,56.3,32.5
111,05/10/09,62.5,30.5,05/10/01,56.5,32.6
112,05/11/09,62.5,30.4,05/11/01,56.3,32.7
113,05/12/09,62.2,30.7,05/12/01,56,32
114,05/13/09,61.7,30.9,05/13/01,55.7,30.5
115,05/14/09,61,31.5,05/14/01,55.3,29
116,05/15/09,60.8,32,05/15/01,55.1,30
117,05/16/09,60.8,32,05/16/01,55,31
118,05/17/09,60.8,32,05/17/01,54.8,30.7
119,05/18/09,61,31.5,05/18/01,54.7,32
120,05/19/09,60.8,32.3,05/19/01,54.9,32.4
121,05/20/09,61.2,32.3,05/20/01,54.7,33
122,05/21/09,60.7,32.5,05/21/01,54.5,33.6
123,05/22/09,60.8,32.5,05/22/01,54.5,34
124,05/23/09,60.8,32.5,05/23/01,54.3,34.2
125,05/24/09,60.8,32.5,05/24/01,54.1,34.5
126,05/25/09,60.8,32.5,05/25/01,54,34.7
127,05/26/09,60.5,32.5,05/26/01,54,35
128,05/27/09,60.8,32.5,05/27/01,54,34.8
129,05/28/09,60.7,32.8,05/28/01,54.1,35
130,05/29/09,60.7,32.8,05/29/01,53.9,35.3
131,05/30/09,61,32.3,05/30/01,53.9,35.6
132,05/31/09,60.8,32.5,05/31/01,53.9,35.8
133,06/01/09,60.7,32.5,06/01/01,53.7,36
134,06/02/09,61,32.7,06/02/01,53.8,35.7
135,06/03/09,60.4,33,06/03/01,53.9,36
136,06/04/09,60,34.2,06/04/01,53.8,36.1
137,06/05/09,59.7,34.5,06/05/01,53.7,36.3
138,06/06/09,59.7,34.5,06/06/01,54,35
139,06/07/09,59.5,34.7,06/07/01,54.5,34
140,06/08/09,59.4,33.9,06/08/01,55.2,33.5
141,06/09/09,59.6,33.9,06/09/01,56,33
142,06/10/09,59.9,33.6,06/10/01,56.2,32.3
143,06/11/09,59.8,34,06/11/01,56.7,31.9
144,06/12/09,60.2,34,06/12/01,57,31.5
145,06/13/09,60.2,34,06/13/01,56.7,31.8
146,06/14/09,60.2,34,06/14/01,56.2,32
147,06/15/09,60.5,33.5,06/15/01,56,32.2
148,06/16/09,60.5,33.5,06/16/01,55.5,32
149,06/17/09,59.6,33.2,06/17/01,55.2,32.2
150,06/18/09,59.8,32.7,06/18/01,55,32.2
151,06/19/09,59,33.2,06/19/01,54.7,32.5
152,06/20/09,59,33.2,06/20/01,54.8,33.5
153,06/21/09,58.7,33.7,06/21/01,54.5,34
154,06/22/09,59.3,33.5,06/22/01,54.1,34.5
155,06/23/09,60,33,06/23/01,53.4,35
156,06/24/09,60,33.2,06/24/01,53.1,35.3
157,06/25/09,59.7,33.3,06/25/01,52.7,35.7
158,06/26/09,59.3,33.4,06/26/01,52.4,36
159,06/27/09,59.3,33.4,06/27/01,52.1,36.5
160,06/28/09,58.9,33.9,06/28/01,51.8,37
161,06/29/09,59.5,34,06/29/01,52,37.2
162,06/30/09,59.5,34,06/30/01,51.7,37.7
163,07/01/09,59.5,34,07/01/01,51.5,38.3
164,07/02/09,58.8,35.5,07/02/01,51.2,38.6
165,07/03/09,58.8,35.5,07/03/01,51,39
166,07/04/09,59,35.7,07/04/01,51,38
167,07/05/09,58.7,36,07/05/01,51,37
168,07/06/09,58.5,36.2,07/06/01,51.5,36.3
169,07/07/09,58.2,36.5,07/07/01,51.2,35.4
170,07/08/09,57.8,36.8,07/08/01,51.4,35
171,07/09/09,56.5,38.5,07/09/01,51.6,34.3
172,07/10/09,56.8,38.5,07/10/01,51.7,33.9
173,07/11/09,56.8,38.3,07/11/01,51.5,33.4
174,07/12/09,57,37.8,07/12/01,51.5,33
175,07/13/09,57.4,36.2,07/13/01,52.9,33
176,07/14/09,57.6,36,07/14/01,54,32.8
177,07/15/09,56,37.5,07/15/01,53.6,33
178,07/16/09,55.8,37.8,07/16/01,53.9,33.2
179,07/17/09,56,38.2,07/17/01,54.2,33
180,07/18/09,56.2,37.8,07/18/01,54.5,33.4
181,07/19/09,56.2,38,07/19/01,54.8,33.2
182,07/20/09,56.7,37.7,07/20/01,54.8,33
183,07/21/09,56.1,38.6,07/21/01,54.5,32.7
184,07/22/09,55.9,38.9,07/22/01,54.7,32.5
185,07/23/09,54.8,40.8,07/23/01,54.8,32.2
186,07/24/09,54.7,41.3,07/24/01,54.6,32
187,07/25/09,54.5,41.3,07/25/01,55,32
188,07/26/09,54.7,40.8,07/26/01,55.2,31.7
189,07/27/09,54.7,40.7,07/27/01,55.5,31.4
190,07/28/09,54.1,40.9,07/28/01,55.8,31
191,07/29/09,53.6,39.9,07/29/01,55,33
192,07/30/09,53.4,39.6,07/30/01,54.7,34.6
193,07/31/09,53.7,39.4,07/31/01,53.8,35.9
194,08/01/09,54.1,39,08/01/01,53,37
195,08/02/09,54.1,39,08/02/01,53.2,36.5
196,08/03/09,54.2,38.9,08/03/01,53.4,37
197,08/04/09,54.1,38.6,08/04/01,53.6,36.2
198,08/05/09,54.1,38.9,08/05/01,53.8,35.6
199,08/06/09,53.7,40.8,08/06/01,54,36
200,08/07/09,54.2,40.3,08/07/01,54,36
201,08/08/09,54.2,40.3,08/08/01,54.2,35.5
202,08/09/09,53.7,40.8,08/09/01,54.5,35.7
203,08/10/09,53.5,41,08/10/01,54.5,35.3
204,08/11/09,53.3,41.2,08/11/01,54.7,35
205,08/12/09,53.3,40.6,08/12/01,55,34.7
206,08/13/09,53.1,40.5,08/13/01,55.3,34.3
207,08/14/09,53.4,40.3,08/14/01,55.7,34
208,08/15/09,53.5,40.1,08/15/01,55.5,33.7
209,08/16/09,53.3,40.4,08/16/01,55.8,34
210,08/17/09,53.4,40.3,08/17/01,56,34.3
211,08/18/09,52,41.4,08/18/01,56.3,34
212,08/19/09,51.4,41.4,08/19/01,56,33.6
213,08/20/09,51.2,41.8,08/20/01,56,33.1
214,08/21/09,52.2,41.4,08/21/01,55.7,33
215,08/22/09,52.2,41.4,08/22/01,56,33
216,08/23/09,52.2,41.2,08/23/01,55.7,33.4
217,08/24/09,52,41.4,08/24/01,56,33.2
218,08/25/09,51.8,42,08/25/01,56,33
219,08/26/09,51.8,42.2,08/26/01,56.7,33.3
220,08/27/09,51.8,41.8,08/27/01,56.3,33.7
221,08/28/09,51.8,41.8,08/28/01,55,34
222,08/29/09,51.8,41.8,08/29/01,54.2,35
223,08/30/09,51.2,42.2,08/30/01,53.3,36
224,08/31/09,51.2,42.4,08/31/01,52.5,37
225,09/01/09,51.5,43.8,09/01/01,51.7,38
226,09/02/09,52.8,41.7,09/02/01,52,38.3
227,09/03/09,53.2,41.5,09/03/01,52.2,38.7
228,09/04/09,53,41.3,09/04/01,52.4,39.3
229,09/05/09,53,42.2,09/05/01,52.6,39
230,09/06/09,52.8,42.2,09/06/01,52.9,39.3
231,09/07/09,52.8,42.2,09/07/01,53,39.6
232,09/08/09,52.8,42,09/08/01,52.6,39.9
233,09/09/09,52.4,43.1,09/09/01,52.8,40
234,09/10/09,52.1,43.4,09/10/01,53,40.1
235,09/11/09,52.3,43.3,09/11/01,52.7,39.9
236,09/12/09,52.6,43,09/12/01,53,40
237,09/13/09,52.3,44,09/13/01,65,28
238,09/14/09,53.5,43.8,09/14/01,73,20
239,09/15/09,53.4,43.3,09/15/01,78.7,14
240,09/16/09,53.1,43.4,09/16/01,81,12.3
241,09/17/09,53.2,41.9,09/17/01,80.5,12.1
242,09/18/09,53.2,41.8,09/18/01,81,12.2
243,09/19/09,53.4,41.1,09/19/01,81,12
244,09/20/09,53.4,41.1,09/20/01,82,11.5
245,09/21/09,53.6,40.9,09/21/01,83,11
246,09/22/09,53.3,40.8,09/22/01,84,10.3
247,09/23/09,51.6,42.2,09/23/01,85,9.8
248,09/24/09,52.5,40.7,09/24/01,86,9.2
249,09/25/09,52.3,40.7,09/25/01,87,8.8
250,09/26/09,52.5,40.7,09/26/01,86.3,8.7
251,09/27/09,52,41,09/27/01,86.7,8.6
252,09/28/09,52.2,40.8,09/28/01,87,8.5
253,09/29/09,52.3,40.5,09/29/01,87,8.5
254,09/30/09,52.5,40.5,09/30/01,86.3,8.7
255,10/01/09,52.2,40.8,10/01/01,86.5,9
256,10/02/09,51.8,41,10/02/01,86,9.1
257,10/03/09,51.6,41.4,10/03/01,85.4,9.2
258,10/04/09,51.6,41.4,10/04/01,85,9
259,10/05/09,52,41.2,10/05/01,84.6,9.1
260,10/06/09,52.3,41.2,10/06/01,84.2,9.3
261,10/07/09,52.2,41.2,10/07/01,83.7,9.3
262,10/08/09,51.5,41.5,10/08/01,84,9
263,10/09/09,52.3,40.3,10/09/01,84.3,8.8
264,10/10/09,52.3,40.3,10/10/01,84.7,8.6
265,10/11/09,53,40,10/11/01,85.3,8.4
266,10/12/09,53.1,39.9,10/12/01,86.3,8.1
267,10/13/09,53.6,39.4,10/13/01,88.4,7.5
268,10/14/09,53,40,10/14/01,89.8,7
269,10/15/09,52.6,40.8,10/15/01,89.3,7.6
270,10/16/09,52.3,41,10/16/01,88.7,8.3
271,10/17/09,52.8,40.7,10/17/01,88.4,8.5
272,10/18/09,52,42.2,10/18/01,88.2,8.7
273,10/19/09,52.5,42,10/19/01,88,9
274,10/20/09,52.4,42.6,10/20/01,88,9.1
275,10/21/09,52.4,42.6,10/21/01,88,9.2
276,10/22/09,52,43.7,10/22/01,87.5,9.5
277,10/23/09,52.4,43.4,10/23/01,87.2,9.5
278,10/24/09,52.1,43.4,10/24/01,87,9.5
279,10/25/09,52.4,43.4,10/25/01,86.7,9.7
280,10/26/09,51.9,43.6,10/26/01,86.3,10
281,10/27/09,51.7,44,10/27/01,86,10
282,10/28/09,51.6,44.3,10/28/01,85.7,10.4
283,10/29/09,51.6,43.9,10/29/01,85.5,10.8
284,10/30/09,51.9,43.4,10/30/01,85.5,11
285,10/31/09,52,43.4,10/31/01,85.2,10.8
286,11/01/09,52,43.1,11/01/01,84.9,10.6
287,11/02/09,51.7,43.3,11/02/01,85,10.3
288,11/03/09,51.1,43.9,11/03/01,84.8,10.1
289,11/04/09,50.6,44.4,11/04/01,84.7,10
290,11/05/09,51.3,44.2,11/05/01,84.4,10
291,11/06/09,51.5,44,11/06/01,84.4,10.2
292,11/07/09,51.5,43.8,11/07/01,84.7,10
293,11/08/09,51.8,43.7,11/08/01,85,9.7
294,11/09/09,51.7,43.7,11/09/01,85.5,9.5
295,11/10/09,51.7,43.7,11/10/01,86,9.2
296,11/11/09,51.3,43.1,11/11/01,86.6,9
297,11/12/09,51.6,42.9,11/12/01,87.2,8.7
298,11/13/09,51.5,42.8,11/13/01,87.8,8.5
299,11/14/09,52.1,42.1,11/14/01,87.2,8.5
300,11/15/09,52.5,42.5,11/15/01,86.7,8
301,11/16/09,52.5,42.3,11/16/01,86.3,8
302,11/17/09,52.6,42.6,11/17/01,86.4,8
303,11/18/09,51.5,42.7,11/18/01,86,8
304,11/19/09,50.6,43.4,11/19/01,86,8
305,11/20/09,50.6,43.4,11/20/01,85.6,7.9
306,11/21/09,50.6,43.4,11/21/01,85.6,7.8
307,11/22/09,50.6,43.4,11/22/01,86,7.6
308,11/23/09,50.4,43.6,11/23/01,86.2,7.5
309,11/24/09,50.3,43.8,11/24/01,86.5,7.5
310,11/25/09,49.9,44.3,11/25/01,86.7,7.5
311,11/26/09,49.9,44.3,11/26/01,87,7.5
312,11/27/09,49.9,44.3,11/27/01,87.1,7.7
313,11/28/09,49.9,44,11/28/01,86.7,7.7
314,11/29/09,50.1,43.9,11/29/01,87.2,7.7
315,11/30/09,50.3,43.6,11/30/01,87.3,7.7
316,12/01/09,50.3,43.7,12/01/01,87.3,7.7
317,12/02/09,50,44,12/02/01,86.6,8
318,12/03/09,50.1,44,12/03/01,86,8.2
319,12/04/09,49.3,45,12/04/01,85.6,8.5
320,12/05/09,49.4,44.7,12/05/01,85.4,8.5
321,12/06/09,49,45.1,12/06/01,85.1,9
322,12/07/09,49,45.1,12/07/01,84.6,9
323,12/08/09,49,46.4,12/08/01,84.3,9
324,12/09/09,48.9,45.5,12/09/01,84,9.3
325,12/10/09,48.8,45.4,12/10/01,83.8,9.7
326,12/11/09,48.9,45.1,12/11/01,83.5,10.2
327,12/12/09,48.8,45.3,12/12/01,83.5,10.8
328,12/13/09,48.6,45.2,12/13/01,83.5,10.8
329,12/14/09,48.4,45.4,12/14/01,83.5,10.8
330,12/15/09,48.7,45.3,12/15/01,84,10.4
331,12/16/09,49.2,44.7,12/16/01,84,10.2
332,12/17/09,49.4,44.7,12/17/01,84.1,10.1
333,12/18/09,49.3,44.7,12/18/01,84.3,10
334,12/19/09,49.3,44.8,12/19/01,84,11
335,12/20/09,49.3,44.9,12/20/01,83.7,12
336,12/21/09,49.7,44.6,12/21/01,83.5,13
337,12/22/09,49.7,44.6,12/22/01,83.3,14
338,12/23/09,49.6,45,12/23/01,83.3,14
339,12/24/09,49.5,45.1,12/24/01,83.3,14
340,12/25/09,49.5,45.1,12/25/01,83.3,14
341,12/26/09,49.5,45.1,12/26/01,83,13.5
342,12/27/09,49.5,45.1,12/27/01,82.8,13.1
343,12/28/09,49.9,44.6,12/28/01,82.6,12.7
344,12/29/09,49.9,44.5,12/29/01,82.4,12.5
345,12/30/09,50.1,44.5,12/30/01,82.2,12.2
346,12/31/09,49.8,44.6,12/31/01,82.2,12.2
347,01/01/10,49.8,44.6,01/01/02,82.2,12.2
348,01/02/10,49.8,44.6,01/02/02,82.2,12.2
349,01/03/10,49.3,45.5,01/03/02,82.2,12.2
350,01/04/10,49,45.8,01/04/02,82.4,12
351,01/05/10,49.8,45.5,01/05/02,82.1,11.8
352,01/06/10,50,45.5,01/06/02,81.8,11.6
353,01/07/10,50,45.3,01/07/02,81.6,11.4
354,01/08/10,49.5,45.5,01/08/02,81.9,11.2
355,01/09/10,49.5,45.3,01/09/02,82.2,11
356,01/10/10,48.8,46,01/10/02,82.1,10.8
357,01/11/10,48.2,44.8,01/11/02,82.1,11
358,01/12/10,48.3,46,01/12/02,82,11.3
359,01/13/10,47.6,45.8,01/13/02,81.5,11.6
360,01/14/10,48,44.9,01/14/02,81,11.7
361,01/15/10,48.4,45,01/15/02,80.5,11.9
362,01/16/10,48.7,44.8,01/16/02,80,12
363,01/17/10,49.1,44.5,01/17/02,80.1,13
364,01/18/10,49.4,44.6,01/18/02,80.2,14
365,01/19/10,49.4,44.4,01/19/02,80.3,14.5
366,01/20/10,49.9,44.2,01/20/02,80.4,15
367,01/21/10,49.8,44.5,01/21/02,80.5,15.3
368,01/22/10,49.6,44.7,01/22/02,80.6,15.7
369,01/23/10,49.4,44.9,01/23/02,80.5,16
370,01/24/10,49.6,44.9,01/24/02,80.3,15.8
371,01/25/10,49.7,44.8,01/25/02,80.1,15.5
372,01/26/10,49.3,45.4,01/26/02,80,15.3
373,01/27/10,48.7,46.3,01/27/02,80.6,15.1
374,01/28/10,48.5,47,01/28/02,81.1,14.6
375,01/29/10,48.8,46.5,01/29/02,81.5,14
376,01/30/10,49,46.7,01/30/02,81.5,14
377,01/31/10,49.3,46.3,01/31/02,81.5,14
378,02/01/10,49.5,46,02/01/02,81.4,14.2
379,02/02/10,49.8,45.5,02/02/02,81.3,14.4
380,02/03/10,49.8,45.5,02/03/02,81.2,14.6
381,02/04/10,49.1,46.1,02/04/02,81.1,14.8
382,02/05/10,48.6,46.5,02/05/02,81,15
383,02/06/10,48.5,46.6,02/06/02,81,15
384,02/07/10,48.4,46.9,02/07/02,81,15
385,02/08/10,47.9,47,02/08/02,81.2,14.8
386,02/09/10,47.9,46.9,02/09/02,81.4,14.6
387,02/10/10,48.1,46.4,02/10/02,81.6,14.4
388,02/11/10,47.2,46.6,02/11/02,81.8,14.2
389,02/12/10,47.3,45.7,02/12/02,82,14
390,02/13/10,47.2,45.7,02/13/02,82,14
391,02/14/10,47.6,45.3,02/14/02,82,14
392,02/15/10,47.6,45.4,02/15/02,81.7,13.8
393,02/16/10,47.8,45.9,02/16/02,81.5,13.5
394,02/17/10,47.7,45.8,02/17/02,81.2,13.4
395,02/18/10,47.7,45.8,02/18/02,81,13.2
396,02/19/10,47.3,46.2,02/19/02,81,13.2
397,02/20/10,47.1,45.9,02/20/02,80.8,13
398,02/21/10,47.1,46,02/21/02,80.2,13
399,02/22/10,47.2,45.8,02/22/02,79.6,13
400,02/23/10,47.4,45.8,02/23/02,79.1,13.1
401,02/24/10,47.7,45.9,02/24/02,78.6,13.2
402,02/25/10,47.8,45.5,02/25/02,78.4,13.3
403,02/26/10,47.7,46.2,02/26/02,78.1,13.4
404,02/27/10,47.3,47.2,02/27/02,77.8,13.3
405,02/28/10,47.8,47,02/28/02,77.5,13.5
406,03/01/10,48.2,46.5,03/01/02,77.5,13.5
407,03/02/10,48.2,46.3,03/02/02,77.2,14.8
408,03/03/10,49.1,45.9,03/03/02,77,16.2
409,03/04/10,48.7,46.3,03/04/02,76.9,17.4
410,03/05/10,48.7,45.7,03/05/02,76.7,18
411,03/06/10,48,46.2,03/06/02,76.7,18
412,03/07/10,48.7,45.8,03/07/02,77,17.5
413,03/08/10,48.6,45.9,03/08/02,77.2,17
414,03/09/10,48.3,45.7,03/09/02,77.4,16.5
415,03/10/10,48.6,46.1,03/10/02,77.6,16.1
416,03/11/10,48.5,46,03/11/02,77.8,15.9
417,03/12/10,48.5,46,03/12/02,78,15.7
418,03/13/10,48.8,45.9,03/13/02,78,15.7
419,03/14/10,49.1,45.8,03/14/02,78,15.7
420,03/15/10,49,45.9,03/15/02,77.7,16
421,03/16/10,48.8,46,03/16/02,77.4,16.4
422,03/17/10,48.5,47.3,03/17/02,77.1,16.7
423,03/18/10,47.3,47.8,03/18/02,76.8,17.1
424,03/19/10,47.5,47.7,03/19/02,76.5,17.3
425,03/20/10,47.2,47.8,03/20/02,76.5,17.3
426,03/21/10,47,47,03/21/02,76.5,17.3
427,03/22/10,47.4,46.6,03/22/02,76.5,17.3
428,03/23/10,47.5,46.6,03/23/02,76.8,17.7
429,03/24/10,47.7,46.6,03/24/02,76.6,18
430,03/25/10,47.5,46.2,03/25/02,74.3,18.2
431,03/26/10,47.5,46.4,03/26/02,76.5,18.4
432,03/27/10,47.1,46.7,03/27/02,76.7,18.5
433,03/28/10,47.5,46.5,03/28/02,76.4,18.7
434,03/29/10,48.1,46.1,03/29/02,76.6,18.9
435,03/30/10,48.2,46.6,03/30/02,76.5,19
436,03/31/10,48.6,46.3,03/31/02,76.5,19
437,04/01/10,48.4,46.4,04/01/02,76.5,19
438,04/02/10,47.8,45.9,04/02/02,76.8,18.7
439,04/03/10,47.5,46.1,04/03/02,76.6,18.4
440,04/04/10,47.5,46.1,04/04/02,76.4,18.1
441,04/05/10,47.9,46,04/05/02,76.2,17.9
442,04/06/10,47.9,46,04/06/02,76,17.6
443,04/07/10,48,46,04/07/02,76,17.4
444,04/08/10,47.2,46.4,04/08/02,76.1,17.1
445,04/09/10,47.3,46.3,04/09/02,76.5,17.3
446,04/10/10,47.1,46.6,04/10/02,76,17.7
447,04/11/10,46.1,47.3,04/11/02,75.7,18
448,04/12/10,46.3,47,04/12/02,75.3,18.4
449,04/13/10,46.6,46.4,04/13/02,74.5,18.6
450,04/14/10,47.7,46.7,04/14/02,74.7,19
451,04/15/10,48.6,46.9,04/15/02,74.2,18.9
452,04/16/10,48.4,46.9,04/16/02,73.8,19.5
453,04/17/10,47.7,47.4,04/17/02,73.5,20
454,04/18/10,48.1,47.1,04/18/02,73.5,20
455,04/19/10,48.4,47,04/19/02,73.5,20
456,04/20/10,48.7,46.7,04/20/02,73.8,18.8
457,04/21/10,47.9,46.9,04/21/02,73.6,18.6
458,04/22/10,48.3,46.4,04/22/02,73.4,18.5
459,04/23/10,48.4,46.3,04/23/02,73.6,18.7
460,04/24/10,48.3,46.3,04/24/02,73.7,20
461,04/25/10,48.1,46.6,04/25/02,73.5,19.7
462,04/26/10,48.5,46.3,04/26/02,73.3,19.4
463,04/27/10,48.4,46.2,04/27/02,73.1,19.1
464,04/28/10,47.9,45.7,04/28/02,73,19
465,04/29/10,47.9,45.7,04/29/02,73,19
466,04/30/10,47.9,46,04/30/02,73.1,18.8
467,05/01/10,47.7,45.9,05/01/02,73.2,18.5
468,05/02/10,47.7,45.9,05/02/02,73.4,18.3
469,05/03/10,48.1,45.1,05/03/02,73.3,18
470,05/04/10,48.5,44.9,05/04/02,73.1,18.3
471,05/05/10,48.5,44.8,05/05/02,73,18.9
472,05/06/10,48.6,44.4,05/06/02,73,18.9
473,05/07/10,48.1,45.1,05/07/02,72.8,19.5
474,05/08/10,48.3,45,05/08/02,72.8,19.5
475,05/09/10,48.3,44.7,05/09/02,72.8,19.5
476,05/10/10,48.4,44.7,05/10/02,72.6,19.2
477,05/11/10,48.7,44.4,05/11/02,72.9,19
478,05/12/10,48.5,44.6,05/12/02,73.4,19.2
479,05/13/10,48.6,44.6,05/13/02,73.1,19
480,05/14/10,49,45,05/14/02,73.2,19
481,05/15/10,48.8,45.5,05/15/02,73,18.7
482,05/16/10,48.3,45.8,05/16/02,73,18.7
483,05/17/10,48.4,45.9,05/17/02,74,18.2
484,05/18/10,48.1,45.9,05/18/02,74.8,17.5
485,05/19/10,48.4,46,05/19/02,75.7,17
486,05/20/10,48,46,05/20/02,75.3,17.4
487,05/21/10,48.1,46,05/21/02,75,17.7
488,05/22/10,48.6,46,05/22/02,74.6,18
489,05/23/10,48,46.3,05/23/02,75,18.5
490,05/24/10,47.9,46.4,05/24/02,74.9,18.9
491,05/25/10,47.5,46,05/25/02,73,19
492,05/26/10,47,46.4,05/26/02,73,19
493,05/27/10,47.1,46.3,05/27/02,73,19
494,05/28/10,47.4,46,05/28/02,72.6,19.5
495,05/29/10,47.4,46.1,05/29/02,72.4,20
496,05/30/10,47.4,46,05/30/02,72.7,20.5
497,05/31/10,47.3,46.1,05/31/02,73.1,21.4
498,06/01/10,47.4,46.3,06/01/02,73.5,22.5
499,06/02/10,47.8,45.9,06/02/02,73.5,22.5
500,06/03/10,47.9,45.9,06/03/02,73.1,22
501,06/04/10,47.8,45.9,06/04/02,72.8,21.8
502,06/05/10,47.1,46.4,06/05/02,72.8,21.8
503,06/06/10,47.3,46.4,06/06/02,72.8,21.8
504,06/07/10,47.4,45.9,06/07/02,72.4,22
505,06/08/10,48,45.9,06/08/02,72.1,22
506,06/09/10,48,46.2,06/09/02,71.7,21.6
507,06/10/10,47.3,46.4,06/10/02,71.5,21.8
508,06/11/10,46.9,45.9,06/11/02,71,21.7
509,06/12/10,47.3,46.6,06/12/02,71,21.7
510,06/13/10,47.7,46.5,06/13/02,71,21.7
511,06/14/10,47.8,47.6,06/14/02,70.8,21.9
512,06/15/10,48.4,47.4,06/15/02,70.6,21.8
513,06/16/10,48.2,47.3,06/16/02,70.9,21.8
514,06/17/10,48.1,47.4,06/17/02,71.1,22
515,06/18/10,47.7,48,06/18/02,71.2,22.1
516,06/19/10,47.9,47.9,06/19/02,71,22.3
517,06/20/10,48.4,47.7,06/20/02,71.3,22.5
518,06/21/10,48.1,47,06/21/02,71.3,22.5
519,06/22/10,48.1,46.9,06/22/02,71,22.3
520,06/23/10,47.6,46.9,06/23/02,71.1,22
521,06/24/10,47.2,46.5,06/24/02,71,21.5
522,06/25/10,46.9,46.6,06/25/02,70.8,21
523,06/26/10,47,46.9,06/26/02,70.8,21
524,06/27/10,46.9,46.9,06/27/02,70.8,21
525,06/28/10,47.6,46.3,06/28/02,71.3,20.6
526,06/29/10,47.4,46.3,06/29/02,71.7,20.1
527,06/30/10,46.6,46.5,06/30/02,72.2,19.8
528,07/01/10,46.7,46.4,07/01/02,72.7,19.3
529,07/02/10,47,46.3,07/02/02,73,19
530,07/03/10,46.8,46.6,07/03/02,73,19
531,07/04/10,46.7,46.4,07/04/02,73,19
532,07/05/10,46.3,46.3,07/05/02,73,19
533,07/06/10,46,46.3,07/06/02,72.7,19.2
534,07/07/10,46.2,47.3,07/07/02,72.4,19.4
535,07/08/10,46.1,48,07/08/02,72.1,19.6
536,07/09/10,46.4,47.9,07/09/02,71.7,19.8
537,07/10/10,46.7,47.6,07/10/02,71.7,19.8
538,07/11/10,47.1,47.1,07/11/02,71.7,19.8
539,07/12/10,47.1,47.1,07/12/02,71.5,20
540,07/13/10,47.1,46.9,07/13/02,71.3,20.3
541,07/14/10,47.6,47,07/14/02,71.3,20.3
542,07/15/10,46.7,47.1,07/15/02,70.6,21.5
543,07/16/10,46.7,47.1,07/16/02,69.7,22.8
544,07/17/10,47,46.9,07/17/02,68.9,24.3
545,07/18/10,47.6,46.6,07/18/02,68,25.7
546,07/19/10,47.6,46.3,07/19/02,67.4,26.3
547,07/20/10,47.3,46.6,07/20/02,67.1,26.8
548,07/21/10,46.8,47,07/21/02,66.3,27.3
549,07/22/10,46.6,47.4,07/22/02,65.9,27.8
550,07/23/10,46.2,47.8,07/23/02,65.5,28.2
551,07/24/10,46.2,47.7,07/24/02,66.1,27.6
552,07/25/10,46.2,47.7,07/25/02,66.7,27
553,07/26/10,46.7,47.6,07/26/02,66.9,26
554,07/27/10,45.7,49,07/27/02,67.3,25
555,07/28/10,46,48.7,07/28/02,67.3,25
556,07/29/10,46.1,48.9,07/29/02,67.6,25.2
557,07/30/10,45.7,49.3,07/30/02,67.9,25.4
558,07/31/10,45.3,49.8,07/31/02,68,25.5
559,08/01/10,45,49.7,08/01/02,68.2,25.2
560,08/02/10,45.3,49.5,08/02/02,68.2,25.2
561,08/03/10,44.9,49.7,08/03/02,68,25.7
562,08/04/10,44.7,50,08/04/02,68,26.2
563,08/05/10,44.9,50.1,08/05/02,67.7,26.9
564,08/06/10,45,50.1,08/06/02,68,27.5
565,08/07/10,45.3,49.6,08/07/02,67.7,27
566,08/08/10,45.4,49.4,08/08/02,67.1,26.2
567,08/09/10,44.9,49.9,08/09/02,66.8,25.8
568,08/10/10,44.7,50.1,08/10/02,66.3,25.4
569,08/11/10,44.3,49.3,08/11/02,66,24.5
570,08/12/10,45.1,49.3,08/12/02,66,24.5
571,08/13/10,45.1,49.1,08/13/02,66,24.5
572,08/14/10,44.9,49.3,08/14/02,65.2,25
573,08/15/10,44.8,50,08/15/02,64.7,26
574,08/16/10,44.4,50.8,08/16/02,64.3,27
575,08/17/10,44.6,50.8,08/17/02,64,28
576,08/18/10,45.3,50.7,08/18/02,63.7,29
577,08/19/10,45.6,49.7,08/19/02,63.5,29.3
578,08/20/10,45.6,49.7,08/20/02,63.1,29.8
579,08/21/10,45.7,49.4,08/21/02,62.5,31
580,08/22/10,46.3,49,08/22/02,63,29.6
581,08/23/10,46.1,49.1,08/23/02,63.8,30
582,08/24/10,45.9,49.9,08/24/02,63.4,30
583,08/25/10,45.4,50.3,08/25/02,63.5,30.3
584,08/26/10,45.4,49.4,08/26/02,63.6,30.6
585,08/27/10,46,48.5,08/27/02,63.6,30.6
586,08/28/10,46.1,48.1,08/28/02,63.6,30.6
587,08/29/10,46,48.1,08/29/02,63.4,30.1
588,08/30/10,45.9,48.3,08/30/02,63.2,29.6
589,08/31/10,46.4,47.9,08/31/02,63,29
590,09/01/10,46.6,47.6,09/01/02,63,29
591,09/02/10,46.4,47.8,09/02/02,63.5,29.1
592,09/03/10,46.1,49,09/03/02,64.2,29.2
593,09/04/10,45.5,49.5,09/04/02,64.8,29.3
594,09/05/10,45.5,49.5,09/05/02,65.4,29.4
595,09/06/10,46,49.3,09/06/02,65.4,29.4
596,09/07/10,46,49.8,09/07/02,65.4,29.4
597,09/08/10,45.9,49.7,09/08/02,65.8,28.7
598,09/09/10,45.2,50.2,09/09/02,66,28.1
599,09/10/10,45.6,49.9,09/10/02,66,27.7
600,09/11/10,45.4,50.1,09/11/02,66.2,27.1
601,09/12/10,46.3,49.4,09/12/02,66.5,26.3
602,09/13/10,46.3,49.3,09/13/02,66.5,26.3
603,09/14/10,46.6,49.1,09/14/02,66.5,26.3
604,09/15/10,46.6,49.2,09/15/02,67.2,26
605,09/16/10,46.1,49.3,09/16/02,67.2,26
606,09/17/10,46.1,49.4,09/17/02,67.2,26
607,09/18/10,45.6,49.6,09/18/02,67.6,25.8
608,09/19/10,45.5,49.7,09/19/02,67.9,25.9
609,09/20/10,45.3,49.8,09/20/02,68.1,25.7
610,09/21/10,45.3,49.7,09/21/02,68.3,25.5
611,09/22/10,45.4,49.6,09/22/02,67.8,26.5
612,09/23/10,45.6,49.4,09/23/02,67.2,28
613,09/24/10,45.1,50.1,09/24/02,66.8,28.6
614,09/25/10,44.9,50.6,09/25/02,66.5,29.5
615,09/26/10,44.5,51.2,09/26/02,66.2,29.1
616,09/27/10,44.9,51,09/27/02,66,29
617,09/28/10,45.4,50.5,09/28/02,65.8,29
618,09/29/10,44.9,50.9,09/29/02,65.6,28.8
619,09/30/10,45,50.6,09/30/02,65.6,28.8
620,10/01/10,45,49.9,10/01/02,65.6,28.8
621,10/02/10,45.3,49.7,10/02/02,65.2,29.2
622,10/03/10,45.4,49.6,10/03/02,64.6,29.4
623,10/04/10,45.4,49.7,10/04/02,64.2,29.6
624,10/05/10,45.9,49.4,10/05/02,63.8,29.8
625,10/06/10,45.5,49.3,10/06/02,63.5,30
626,10/07/10,45.1,48.8,10/07/02,63.5,30
627,10/08/10,45.2,49,10/08/02,63.5,30
628,10/09/10,45.4,48.7,10/09/02,63,29.3
629,10/10/10,45.7,48.6,10/10/02,62.7,29
630,10/11/10,45.4,49.3,10/11/02,62.3,28.7
631,10/12/10,45.5,49.1,10/12/02,62.3,28.3
632,10/13/10,44.9,49.9,10/13/02,61.8,27.8
633,10/14/10,44.6,49.6,10/14/02,61.5,27.3
634,10/15/10,44.4,49.8,10/15/02,62,29
635,10/16/10,44.3,49.8,10/16/02,62.4,28.7
636,10/17/10,44.2,49.7,10/17/02,62.4,28.7
637,10/18/10,44.7,49.2,10/18/02,62.4,28.7
638,10/19/10,45.4,48.7,10/19/02,63,29.7
639,10/20/10,45.9,49.6,10/20/02,63.3,30.4
640,10/21/10,45.8,49.1,10/21/02,63.7,31.1
641,10/22/10,46.3,48.4,10/22/02,64.1,31.7
642,10/23/10,46.3,48.3,10/23/02,64.4,32
643,10/24/10,46.3,48.4,10/24/02,64.1,31
644,10/25/10,46.4,48.4,10/25/02,63.4,30.5
645,10/26/10,46.4,48.4,10/26/02,62.4,30.2
646,10/27/10,46.4,48.3,10/27/02,62.7,30.3
647,10/28/10,46.2,48.5,10/28/02,62,30.5
648,10/29/10,45.8,48.9,10/29/02,63.5,31.7
649,10/30/10,45.9,48.6,10/30/02,65,32.3
650,10/31/10,46.1,48.1,10/31/02,64.8,32
651,11/01/10,46,49,11/01/02,64.6,31.7
652,11/02/10,45.6,49.4,11/02/02,64.4,31.4
653,11/03/10,45.4,49.7,11/03/02,64.2,31.1
654,11/04/10,45.1,50,11/04/02,64,30.8
655,11/05/10,45.1,49.9,11/05/02,64,30.8
656,11/06/10,45.4,49.6,11/06/02,64,30.8
657,11/07/10,45.7,49.4,11/07/02,64.4,30.2
658,11/08/10,45.9,49.4,11/08/02,64.6,29.6
659,11/09/10,45.4,49.6,11/09/02,64.3,29.3
660,11/10/10,45.4,50,11/10/02,64.2,28.9
661,11/11/10,45,49.3,11/11/02,64,28.5
662,11/12/10,44.9,49.4,11/12/02,64.3,28.7
663,11/13/10,45,49.3,11/13/02,64.8,28.4
664,11/14/10,45.3,49.1,11/14/02,64.9,28.6
665,11/15/10,45.7,49.1,11/15/02,64.5,29
666,11/16/10,45.9,49,11/16/02,65,28.2
667,11/17/10,45.7,48.4,11/17/02,65.3,27.6
668,11/18/10,45.8,48.4,11/18/02,65.7,27.3
669,11/19/10,46,48.1,11/19/02,66.1,27.1
670,11/20/10,46,48,11/20/02,66.5,26.5
671,11/21/10,46,48,11/21/02,66.5,26.5
672,11/22/10,46,48,11/22/02,66.5,26.5
673,11/23/10,45.6,48.7,11/23/02,66.5,26.5
674,11/24/10,45.4,48.7,11/24/02,66.3,26
675,11/25/10,45.4,48.7,11/25/02,66.3,26
676,11/26/10,45.4,48.8,11/26/02,66.3,26
677,11/27/10,45.4,48.8,11/27/02,66.3,26
678,11/28/10,45.4,48.8,11/28/02,66,26.4
679,11/29/10,45.6,49.4,11/29/02,65,26.7
680,11/30/10,45.9,49.3,11/30/02,65.3,27.1
681,12/01/10,45.9,49.3,12/01/02,65.3,27.1
682,12/02/10,45.4,49.6,12/02/02,65.3,27.1
683,12/03/10,45.7,48.9,12/03/02,64.8,27.5
684,12/04/10,45.8,48.7,12/04/02,64.4,27.8
685,12/05/10,46.2,48.3,12/05/02,64,28.2
686,12/06/10,46.2,48.4,12/06/02,64,28.2
687,12/07/10,46,48.5,12/07/02,63.7,28.4
688,12/08/10,45.3,48.8,12/08/02,63.3,28.4
689,12/09/10,45.6,47.6,12/09/02,63,28.6
690,12/10/10,45.6,47.7,12/10/02,62.7,30.4
691,12/11/10,45.1,47.9,12/11/02,62.5,32.5
692,12/12/10,45,47.8,12/12/02,62.5,32.5
693,12/13/10,44.7,48.5,12/13/02,62.5,32.5
694,12/14/10,45.6,47.6,12/14/02,62.7,32.3
695,12/15/10,45.4,47.9,12/15/02,63,32.1
696,12/16/10,45,48,12/16/02,63.2,32
697,12/17/10,44.7,48.4,12/17/02,63.5,32
698,12/18/10,44.7,48.4,12/18/02,63.6,32.1
699,12/19/10,45,48,12/19/02,63.8,31.8
700,12/20/10,45.6,47.6,12/20/02,63.8,31.8
701,12/21/10,45.7,47.8,12/21/02,63.4,31.2
702,12/22/10,45.7,47.8,12/22/02,63.2,30.7
703,12/23/10,45.7,47.7,12/23/02,63,30.3
704,12/24/10,45.6,47.9,12/24/02,63,30.3
705,12/25/10,45.6,47.9,12/25/02,63,30.3
706,12/26/10,45.6,47.9,12/26/02,63,30.3
707,12/27/10,45.5,47.8,12/27/02,63.2,30.6
708,12/28/10,45.3,48,12/28/02,63.4,30.5
709,12/29/10,45.5,47.8,12/29/02,63.5,30.8
710,12/30/10,45.4,47.9,12/30/02,63.5,31
711,12/31/10,45.4,47.9,12/31/02,63.5,31
712,01/01/11,45.4,47.9,01/01/03,63.5,31
713,01/02/11,45.4,47.9,01/02/03,63.9,31.2
714,01/03/11,46.5,48,01/03/03,63.6,31.4
715,01/04/11,46.5,48.3,01/04/03,63.8,31.6
716,01/05/11,46.2,48.8,01/05/03,63.6,31.8
717,01/06/11,46,48.8,01/06/03,63.3,32
718,01/07/11,46,48.7,01/07/03,63.3,32
719,01/08/11,46.3,48.3,01/08/03,63.3,32
720,01/09/11,46.3,47.8,01/09/03,62.5,32.2
721,01/10/11,46.5,48,01/10/03,61.7,31.7
722,01/11/11,46.7,48,01/11/03,61.7,31.7
723,01/12/11,47.8,47.8,01/12/03,59.8,32.6
724,01/13/11,49,46,01/13/03,58,33.3
725,01/14/11,49,46,01/14/03,58,33.3
726,01/15/11,48.6,45.7,01/15/03,58.5,33.6
727,01/16/11,48.3,45.6,01/16/03,58.7,33.7
728,01/17/11,48.4,45.6,01/17/03,58.5,33.8
729,01/18/11,49.7,45.2,01/18/03,58.3,34
730,01/19/11,49.9,44.9,01/19/03,58.3,34
731,01/20/11,49.8,44.2,01/20/03,58.2,34.4
732,01/21/11,49.8,44.2,01/21/03,58.4,34.8
733,01/22/11,49.9,44,01/22/03,58.4,34.8
734,01/23/11,50.2,43.9,01/23/03,58.4,34.8
735,01/24/11,51,42.8,01/24/03,58,35.2
736,01/25/11,51,42.8,01/25/03,57.7,35.5
737,01/26/11,50.5,43.2,01/26/03,57.5,35.8
738,01/27/11,50,43.5,01/27/03,57.2,36
739,01/28/11,50.3,43.2,01/28/03,57.2,36
740,01/29/11,50.5,43,01/29/03,57.2,36
741,01/30/11,50.7,42.8,01/30/03,57.7,35.4
742,01/31/11,50.7,43.2,01/31/03,58.2,35.1
743,02/01/11,50.7,43,02/01/03,58.7,34.7
744,02/02/11,50.5,43.3,02/02/03,59.1,34.3
745,02/03/11,49.8,44.3,02/03/03,59.5,34
746,02/04/11,49.3,44.5,02/04/03,59.5,34
747,02/05/11,49.2,44.7,02/05/03,59.5,34
748,02/06/11,49.7,44,02/06/03,60,33.8
749,02/07/11,49.8,43.8,02/07/03,60.3,33.5
750,02/08/11,49.8,43.8,02/08/03,60.8,33.1
751,02/09/11,49.8,44.3,02/09/03,61.4,32.7
752,02/10/11,49.9,44.1,02/10/03,62,32.4
753,02/11/11,49.6,44.8,02/11/03,60.8,33.1
754,02/12/11,49.4,45.2,02/12/03,59.7,33.9
755,02/13/11,49.6,44.8,02/13/03,59,34.5
756,02/14/11,49.6,45.2,02/14/03,59,34.5
757,02/15/11,49.2,44.5,02/15/03,59,34.5
758,02/16/11,48.8,44.8,02/16/03,58.4,35
759,02/17/11,49.4,44.1,02/17/03,58,35.4
760,02/18/11,49.3,44.8,02/18/03,58,36
761,02/19/11,49.5,44.8,02/19/03,57.5,36.4
762,02/20/11,48.8,45.3,02/20/03,57,37
763,02/21/11,48.8,45.3,02/21/03,57,37
764,02/22/11,48.5,45.7,02/22/03,57,37
765,02/23/11,48.8,45,02/23/03,57.3,36.2
766,02/24/11,48.8,45.2,02/24/03,57.6,35.8
767,02/25/11,49.3,44.7,02/25/03,57.4,35.3
768,02/26/11,49.5,44.5,02/26/03,57,34.8
769,02/27/11,49.7,44.5,02/27/03,57,34.8
770,02/28/11,49.3,44.3,02/28/03,57,34.8
771,03/01/11,48.8,44.8,03/01/03,57,34.8
772,03/02/11,48.3,45.3,03/02/03,56.8,35.3
773,03/03/11,47.2,46.4,03/03/03,56.6,35.7
774,03/04/11,47.2,46,03/04/03,56.7,36.3
775,03/05/11,47.8,45.4,03/05/03,56.9,36.5
776,03/06/11,47.8,45.6,03/06/03,57,36.8
777,03/07/11,48,45.6,03/07/03,57,36.8
778,03/08/11,48,45.6,03/08/03,56.6,37.2
779,03/09/11,47.6,46.7,03/09/03,56.1,37.6
780,03/10/11,48.2,47.2,03/10/03,55.7,38
781,03/11/11,48,47.4,03/11/03,55.7,38
782,03/12/11,48.6,46.8,03/12/03,56,37.6
783,03/13/11,47.6,47.6,03/13/03,56.2,37.3
784,03/14/11,47.4,47.8,03/14/03,56,37
785,03/15/11,48,47.7,03/15/03,56,37
786,03/16/11,48.3,47.3,03/16/03,56.5,36.8
787,03/17/11,48.9,47,03/17/03,56.7,36.8
788,03/18/11,49.1,46.1,03/18/03,57.1,36.4
789,03/19/11,49,46.2,03/19/03,60,34
790,03/20/11,48.4,47,03/20/03,62,34
791,03/21/11,48.6,46.8,03/21/03,64.3,31.6
792,03/22/11,47.8,46.2,03/22/03,64.3,31.6
793,03/23/11,48.2,46,03/23/03,65.1,30.8
794,03/24/11,48.4,46,03/24/03,65.9,29.9
795,03/25/11,48.4,46,03/25/03,66.7,29.3
796,03/26/11,48.6,46,03/26/03,66.7,29.3
797,03/27/11,48.2,46.2,03/27/03,66.7,29.3
798,03/28/11,48.2,46.4,03/28/03,66.6,28.2
799,03/29/11,48,46.6,03/29/03,66.6,27.4
800,03/30/11,47.2,46.7,03/30/03,66.6,27.4
801,03/31/11,47.4,46.7,03/31/03,66.6,27.4
802,04/01/11,47.3,46.7,04/01/03,67.2,27.2
803,04/02/11,46.8,46.5,04/02/03,67.7,27
804,04/03/11,46.5,46.8,04/03/03,68,27
805,04/04/11,46.6,47.4,04/04/03,68.3,27.1
806,04/05/11,46.4,47.6,04/05/03,68.3,27.1
807,04/06/11,47.1,47,04/06/03,69,27
808,04/07/11,47,47.1,04/07/03,69.7,26.7
809,04/08/11,47,47.1,04/08/03,69.7,26.7
810,04/09/11,47,47.4,04/09/03,70.4,25.2
811,04/10/11,47,47.4,04/10/03,70.8,24.5
812,04/11/11,47,48,04/11/03,70.8,24.5
813,04/12/11,47.5,47.8,04/12/03,70.8,24.5
814,04/13/11,47.3,47.9,04/13/03,71.3,23.7
815,04/14/11,47.1,48,04/14/03,71.7,23
816,04/15/11,46.5,48.4,04/15/03,72,22.3
817,04/16/11,46.3,48.5,04/16/03,71.3,24
818,04/17/11,46.5,49,04/17/03,70.6,25.3
819,04/18/11,46.3,49.2,04/18/03,70,26.3
820,04/19/11,45.9,49.6,04/19/03,70,26.3
821,04/20/11,45.3,50,04/20/03,70,26.3
822,04/21/11,45.5,49.4,04/21/03,69.2,25.9
823,04/22/11,45.8,49.1,04/22/03,68.4,25.5
824,04/23/11,45.9,48.9,04/23/03,68.4,25.5
825,04/24/11,45.9,49,04/24/03,68.4,25.5
826,04/25/11,45.6,48.9,04/25/03,68,25.6
827,04/26/11,45.6,49.1,04/26/03,67.7,25.3
828,04/27/11,45.5,49.1,04/27/03,67.3,25
829,04/28/11,45.7,49,04/28/03,67.3,25
830,04/29/11,45.9,48.9,04/29/03,67.3,25
831,04/30/11,46.2,48.6,04/30/03,67.3,25
832,05/01/11,46.7,47.7,05/01/03,67.5,25.5
833,05/02/11,47,47.2,05/02/03,67.2,25.4
834,05/03/11,49.3,45.1,05/03/03,67.1,25.7
835,05/04/11,51,43.1,05/04/03,67,26.3
836,05/05/11,51.5,42.4,05/05/03,67,26.3
837,05/06/11,51.5,42.4,05/06/03,67,26.3
838,05/07/11,51.6,42.3,05/07/03,66.2,27.3
839,05/08/11,51.6,42.3,05/08/03,65.4,28.9
840,05/09/11,51.7,42,05/09/03,65,29.7
841,05/10/11,51.7,42.1,05/10/03,65,29.7
842,05/11/11,51.8,42.3,05/11/03,65.2,29.3
843,05/12/11,51.7,42.4,05/12/03,65.4,29
844,05/13/11,51.6,42.5,05/13/03,65.5,28.8
845,05/14/11,51.5,42.6,05/14/03,65.5,28.8
846,05/15/11,51.5,42.6,05/15/03,65.5,28.8
847,05/16/11,51.4,43,05/16/03,65.5,28.8
848,05/17/11,51.6,43.1,05/17/03,65,29.7
849,05/18/11,52,42.9,05/18/03,64.7,30
850,05/19/11,52.1,43,05/19/03,64.3,30.3
851,05/20/11,52,43,05/20/03,64.1,29.8
852,05/21/11,51.9,43,05/21/03,64.1,29.8
853,05/22/11,52,43,05/22/03,63.5,30.5
854,05/23/11,52.1,42.9,05/23/03,63.5,30.5
855,05/24/11,52.5,42.6,05/24/03,63.5,30.5
856,05/25/11,52.6,42.5,05/25/03,63.5,30.5
857,05/26/11,52.5,42.6,05/26/03,63.2,30.2
858,05/27/11,52.3,42.6,05/27/03,63.4,30
859,05/28/11,52.1,42.9,05/28/03,63.4,30
860,05/29/11,51.8,43.1,05/29/03,63.7,29.9
861,05/30/11,51.6,43.4,05/30/03,63.5,29.5
862,05/31/11,51.2,45,05/31/03,63.2,29.6
863,06/01/11,51.8,44.4,06/01/03,63,29.7
864,06/02/11,52,43.3,06/02/03,63,29.7
865,06/03/11,51.6,43.4,06/03/03,63,29.7
866,06/04/11,50.5,44,06/04/03,63,29.7
867,06/05/11,50.5,44.2,06/05/03,62.4,30
868,06/06/11,50.5,44,06/06/03,62,30
869,06/07/11,50.2,44.7,06/07/03,61.6,30.7
870,06/08/11,48.8,44.9,06/08/03,61.6,31.7
871,06/09/11,48,46,06/09/03,61.6,32.6
872,06/10/11,47.5,46.8,06/10/03,61.2,32
873,06/11/11,47.8,46.4,06/11/03,61.2,32
874,06/12/11,47.6,46.5,06/12/03,61.2,32
875,06/13/11,47.8,46.5,06/13/03,62,32.3
876,06/14/11,47.6,46.9,06/14/03,62.5,32
877,06/15/11,47.9,46.8,06/15/03,63,31.7
878,06/16/11,47.6,46.8,06/16/03,63.7,31.3
879,06/17/11,47.6,46.9,06/17/03,63.7,31.3
880,06/18/11,47.6,46.9,06/18/03,63.7,31.3
881,06/19/11,48.1,46.3,06/19/03,63.7,31.3
882,06/20/11,48.1,46.1,06/20/03,63,31.8
883,06/21/11,47.7,46.6,06/21/03,63,31.8
884,06/22/11,47.8,46.9,06/22/03,63.2,31.4
885,06/23/11,47.3,47.5,06/23/03,63.7,31
886,06/24/11,47.7,47,06/24/03,63.7,31
887,06/25/11,47.7,47.2,06/25/03,63.7,31
888,06/26/11,47.8,47,06/26/03,63,30.7
889,06/27/11,47.6,47.1,06/27/03,62.6,30.5
890,06/28/11,47.4,46.9,06/28/03,62.6,30.5
891,06/29/11,47.1,46.5,06/29/03,62.6,30.5
892,06/30/11,47.2,46.5,06/30/03,62,31.2
893,07/01/11,47,46.6,07/01/03,61,30.5
894,07/02/11,47.3,46.4,07/02/03,60.3,30.7
895,07/03/11,47.3,46.4,07/03/03,60.3,30.7
896,07/04/11,47.3,46.4,07/04/03,60.3,30.7
897,07/05/11,47.5,46.3,07/05/03,60.3,30.7
898,07/06/11,46.9,46.5,07/06/03,60,32
899,07/07/11,46.7,46.7,07/07/03,59.3,33
900,07/08/11,46.7,46.5,07/08/03,59,34
901,07/09/11,46.3,46.8,07/09/03,59.2,33.5
902,07/10/11,46.3,46.8,07/10/03,59,34.8
903,07/11/11,46.3,46.8,07/11/03,58.7,35.7
904,07/12/11,46.5,46.8,07/12/03,58.5,36.3
905,07/13/11,47,46.6,07/13/03,58.5,36.3
906,07/14/11,47,46.7,07/14/03,58.5,36.3
907,07/15/11,46.8,46.8,07/15/03,58.5,36.3
908,07/16/11,46.3,47.3,07/16/03,58,37
909,07/17/11,46.3,47.5,07/17/03,57.7,37.5
910,07/18/11,46.3,47.3,07/18/03,57.3,38
911,07/19/11,46.3,48.2,07/19/03,56.9,38.3
912,07/20/11,45.8,48.3,07/20/03,56.5,39
913,07/21/11,46,48.3,07/21/03,56.5,39
914,07/22/11,46,48.8,07/22/03,56.5,39
915,07/23/11,45.9,49,07/23/03,56.5,39
916,07/24/11,45.8,49,07/24/03,57,38.7
917,07/25/11,45.4,49.9,07/25/03,57,38.7
918,07/26/11,45.4,49.4,07/26/03,57,38.7
919,07/27/11,45.5,49.3,07/27/03,56.7,39
920,07/28/11,45,49.6,07/28/03,56.5,38.6
921,07/29/11,44.9,49.8,07/29/03,56.3,38.5
922,07/30/11,44.6,50.3,07/30/03,56.3,38.5
923,07/31/11,44.8,50.1,07/31/03,56.3,38.5
924,08/01/11,45,49.9,08/01/03,56.7,38
925,08/02/11,45,49.3,08/02/03,57,37.6
926,08/03/11,44.9,49.4,08/03/03,57.3,37.4
927,08/04/11,44,50.2,08/04/03,57.3,37.4
928,08/05/11,44.4,50,08/05/03,57.3,37.4
929,08/06/11,44.6,49.6,08/06/03,57.2,36
930,08/07/11,44.6,49.4,08/07/03,57.2,36
931,08/08/11,44.4,49.6,08/08/03,57.2,36
932,08/09/11,43.7,49.8,08/09/03,57.2,36
933,08/10/11,43.3,50.4,08/10/03,56.8,35.4
934,08/11/11,43.3,50.4,08/11/03,56.7,35.6
935,08/12/11,43.5,50.3,08/12/03,57,35.2
936,08/13/11,43.8,50.1,08/13/03,57.4,34.8
937,08/14/11,43.4,50.5,08/14/03,57.4,34.8
938,08/15/11,43.6,50.3,08/15/03,57.4,34.8
939,08/16/11,43.3,50.4,08/16/03,57,36
940,08/17/11,43.4,50.4,08/17/03,57,36
941,08/18/11,43.4,50.3,08/18/03,56.7,37.3
942,08/19/11,43.6,50.3,08/19/03,56.3,37.6
943,08/20/11,43.9,50,08/20/03,55.8,38
944,08/21/11,43.5,50.5,08/21/03,55.8,38
945,08/22/11,43.5,50.5,08/22/03,55.8,38
946,08/23/11,43.3,50.8,08/23/03,55.8,38
947,08/24/11,43.4,50.6,08/24/03,56,37.5
948,08/25/11,43.6,50.9,08/25/03,56,37.5
949,08/26/11,43.8,52.2,08/26/03,55.9,37.2
950,08/27/11,44,52,08/27/03,55.6,37
951,08/28/11,43.6,52.8,08/28/03,55.7,36.7
952,08/29/11,43.4,53,08/29/03,55.7,36.7
953,08/30/11,43,53.2,08/30/03,55.7,36.7
954,08/31/11,43,53.2,08/31/03,55.7,36.7
955,09/01/11,43.6,51.4,09/01/03,55.4,37.5
956,09/02/11,43.7,51.3,09/02/03,55.3,38.3
957,09/03/11,43.9,51.3,09/03/03,55.1,38.9
958,09/04/11,43.7,51.3,09/04/03,54.8,39.3
959,09/05/11,43.7,51.3,09/05/03,54.4,39.6
960,09/06/11,43.6,51.5,09/06/03,54,40.3
961,09/07/11,43.4,51.6,09/07/03,54.3,40
962,09/08/11,43.8,51.6,09/08/03,54.3,40
963,09/09/11,43.5,51.5,09/09/03,54.3,40
964,09/10/11,43.7,51.1,09/10/03,54.3,40
965,09/11/11,43.3,50.7,09/11/03,54.7,39.8
966,09/12/11,43.7,50.8,09/12/03,54.5,39.6
967,09/13/11,43.9,51.4,09/13/03,54.5,39.6
968,09/14/11,44,51,09/14/03,54.5,39.6
969,09/15/11,44,51,09/15/03,54.7,39.5
970,09/16/11,43.9,50.8,09/16/03,55,39.7
971,09/17/11,43.8,51.1,09/17/03,55.1,39.7
972,09/18/11,43.9,51.6,09/18/03,55,39.4
973,09/19/11,43.8,51.3,09/19/03,55,39.4
974,09/20/11,43.6,50.9,09/20/03,55,39.4
975,09/21/11,43.6,50.7,09/21/03,55,39.4
976,09/22/11,43.4,51,09/22/03,54,40
977,09/23/11,43.3,51.1,09/23/03,53.4,40.3
978,09/24/11,42.9,51.6,09/24/03,53.4,40.3
979,09/25/11,43.3,51.1,09/25/03,52.9,40.9
980,09/26/11,42.8,51.2,09/26/03,52.1,41.8
981,09/27/11,43.2,50.8,09/27/03,51.9,42.7
982,09/28/11,43,51.2,09/28/03,52.1,42.5
983,09/29/11,42.7,51.1,09/29/03,52.1,42.5
984,09/30/11,42.5,51.7,09/30/03,52.4,42.3
985,10/01/11,42.8,51.5,10/01/03,52.7,42.7
986,10/02/11,43,51.5,10/02/03,52.5,43
987,10/03/11,43,50.3,10/03/03,52.5,43
988,10/04/11,42.7,51,10/04/03,52.5,43
989,10/05/11,42.8,51.5,10/05/03,52.7,42.3
990,10/06/11,42.5,51.5,10/06/03,52.9,42.1
991,10/07/11,42.3,51.8,10/07/03,52.9,42.1
992,10/08/11,42.1,51.4,10/08/03,52.9,42.1
993,10/09/11,42,51.6,10/09/03,52.6,41.5
994,10/10/11,42.1,51.3,10/10/03,53,41.8
995,10/11/11,42.5,51,10/11/03,53.2,42
996,10/12/11,43.4,50.8,10/12/03,53.2,42
997,10/13/11,43.6,50.8,10/13/03,53.8,41.5
998,10/14/11,43.4,50.9,10/14/03,53.8,41.5
999,10/15/11,43.8,51.7,10/15/03,53.8,41.5
1000,10/16/11,43.7,51.8,10/16/03,53,41
1001,10/17/11,43.7,51.7,10/17/03,52.5,40.6
1002,10/18/11,43.6,52,10/18/03,52.2,40.4
1003,10/19/11,43.9,51.7,10/19/03,51.8,39.9
1004,10/20/11,43.9,51.8,10/20/03,51,39.5
1005,10/21/11,44.1,51.4,10/21/03,51,39.5
1006,10/22/11,44,51.4,10/22/03,51.7,39.7
1007,10/23/11,43.8,51.3,10/23/03,52.4,39.9
1008,10/24/11,43.8,51.5,10/24/03,52.4,39.9
1009,10/25/11,44.2,50.7,10/25/03,52.4,39.9
1010,10/26/11,43.8,51,10/26/03,52.9,40.1
1011,10/27/11,43.9,50.6,10/27/03,53.3,40.3
1012,10/28/11,44,50.4,10/28/03,53.3,40.3
1013,10/29/11,44.1,50.6,10/29/03,53.3,40.3
1014,10/30/11,44.3,50.6,10/30/03,53.3,40.3
1015,10/31/11,44.1,50.7,10/31/03,53,41
1016,11/01/11,44,50.9,11/01/03,52.7,41.4
1017,11/02/11,45,49.6,11/02/03,52.7,41.4
1018,11/03/11,45.2,49.2,11/03/03,52.7,41.4
1019,11/04/11,45,50.6,11/04/03,52.5,42
1020,11/05/11,45.4,50.6,11/05/03,52.5,42.4
1021,11/06/11,45.2,50.4,11/06/03,52.1,42.7
1022,11/07/11,45.3,50.7,11/07/03,52.5,43
1023,11/08/11,45.1,50.7,11/08/03,52.3,43
1024,11/09/11,45,50.7,11/09/03,52,43.2
1025,11/10/11,44.9,50.4,11/10/03,52.3,43.3
1026,11/11/11,45,50.7,11/11/03,52.3,43.3
1027,11/12/11,44.8,50.3,11/12/03,52.3,43.3
1028,11/13/11,45.2,50.2,11/13/03,52.3,43.3
1029,11/14/11,45.3,50,11/14/03,52.5,43
1030,11/15/11,45.4,50.5,11/15/03,52.7,43
1031,11/16/11,44.7,50.8,11/16/03,52.5,43
1032,11/17/11,43.6,50.2,11/17/03,52.2,42.8
1033,11/18/11,43.7,49.8,11/18/03,52.2,42.8
1034,11/19/11,43.9,49.4,11/19/03,52.2,42.8
1035,11/20/11,44.5,49,11/20/03,51.8,43.2
1036,11/21/11,44.3,49.1,11/21/03,51.3,43.7
1037,11/22/11,44,49.5,11/22/03,51.3,43.7
1038,11/23/11,43.4,49.9,11/23/03,51.3,43.7
1039,11/24/11,43.4,49.9,11/24/03,51.7,43
1040,11/25/11,43.4,50,11/25/03,51.7,43
1041,11/26/11,43.7,49.8,11/26/03,51.3,42.4
1042,11/27/11,43.7,49.8,11/27/03,52,42.4
1043,11/28/11,43.6,50.6,11/28/03,52.2,41.7
1044,11/29/11,43.4,51.2,11/29/03,52.2,41.7
1045,11/30/11,43.2,51.4,11/30/03,52.8,42
1046,12/01/11,43,51.6,12/01/03,52,41.5
1047,12/02/11,43,51.4,12/02/03,52.4,40.7
1048,12/03/11,43.2,51.4,12/03/03,53.4,40.4
1049,12/04/11,43.4,51,12/04/03,54,40
1050,12/05/11,43.8,50.8,12/05/03,54.5,39.5
1051,12/06/11,43.2,51.4,12/06/03,54,40
1052,12/07/11,43.2,51.4,12/07/03,54,40
1053,12/08/11,43.4,51.4,12/08/03,53.8,40.6
1054,12/09/11,43.6,51.4,12/09/03,53.5,41.4
1055,12/10/11,43.5,50.8,12/10/03,53.7,41
1056,12/11/11,44,50,12/11/03,53.2,41.5
1057,12/12/11,44.5,49.3,12/12/03,53,41.3
1058,12/13/11,45.2,48.2,12/13/03,53.3,40.7
1059,12/14/11,45.1,48.1,12/14/03,55,39.7
1060,12/15/11,45.1,48.3,12/15/03,56.5,39
1061,12/16/11,45,49,12/16/03,57.2,38.3
1062,12/17/11,44.9,49.3,12/17/03,57.7,37.4
1063,12/18/11,44.9,49.3,12/18/03,58,37.1
1064,12/19/11,45.8,50,12/19/03,58,37.1
1065,12/20/11,46.5,49.7,12/20/03,58,37.1
1066,12/21/11,46.6,48.7,12/21/03,57.8,36.7
1067,12/22/11,46.9,48.4,12/22/03,57.9,36.5
1068,12/23/11,46.7,48.6,12/23/03,57.7,36.3
1069,12/24/11,46.7,48.6,12/24/03,57.7,36.3
1070,12/25/11,46.7,48.6,12/25/03,57.7,36.3
1071,12/26/11,47.1,48.1,12/26/03,57.7,36.3
1072,12/27/11,47.6,47.8,12/27/03,57.5,36.5
1073,12/28/11,46.8,48.2,12/28/03,57.9,36.8
1074,12/29/11,46.2,48.8,12/29/03,57.4,37
1075,12/30/11,46.4,48.2,12/30/03,57.4,37
1076,12/31/11,46.8,47.8,12/31/03,57.4,37
1077,01/01/12,46.8,47.8,01/01/04,57,37.3
1078,01/02/12,46.8,47.8,01/02/04,57.1,37.5
1079,01/03/12,47.2,47.8,01/03/04,57.2,37.7
1080,01/04/12,47.6,47.6,01/04/04,57,37.5
1081,01/05/12,47.2,47.8,01/05/04,56.8,37.8
1082,01/06/12,47.2,47.6,01/06/04,56.7,38
1083,01/07/12,47.2,47.6,01/07/04,56.7,38
1084,01/08/12,47.2,47.6,01/08/04,56.7,38
1085,01/09/12,47,49.3,01/09/04,56.7,38
1086,01/10/12,44.5,50.3,01/10/04,56.5,37
1087,01/11/12,45.3,49.8,01/11/04,56.5,36.5
1088,01/12/12,45.5,49,01/12/04,56.4,35.8
1089,01/13/12,45.6,48.6,01/13/04,56.4,35.8
1090,01/14/12,45.4,49.2,01/14/04,56.4,35.8
1091,01/15/12,45.4,49.2,01/15/04,56.4,35.8
1092,01/16/12,45.9,49,01/16/04,55.7,37
1093,01/17/12,46,48.8,01/17/04,55.2,38.5
1094,01/18/12,45.9,48.3,01/18/04,54.2,39.8
1095,01/19/12,46,48.3,01/19/04,53.5,42
1096,01/20/12,46,48.3,01/20/04,53.5,41
1097,01/21/12,46,48.3,01/21/04,53,40.3
1098,01/22/12,45.7,48.4,01/22/04,52.8,40.5
1099,01/23/12,45.9,48.3,01/23/04,52.5,40.7
1100,01/24/12,46,48.3,01/24/04,52.3,40.9
1101,01/25/12,46.3,48.1,01/25/04,52,41
1102,01/26/12,46.1,48.3,01/26/04,52,41
1103,01/27/12,46,48.3,01/27/04,52,41
1104,01/28/12,46.5,47.9,01/28/04,51.3,42
1105,01/29/12,46.8,47.6,01/29/04,51,43
1106,01/30/12,47,47.4,01/30/04,50.4,43.7
1107,01/31/12,47,47.5,01/31/04,49.8,44.5
1108,02/01/12,46.5,47.9,02/01/04,49.5,45
1109,02/02/12,46.5,47.9,02/02/04,48.7,45.7
1110,02/03/12,46.3,48.1,02/03/04,49.5,45
1111,02/04/12,46.5,47.8,02/04/04,50.2,44.2
1112,02/05/12,47.3,46.8,02/05/04,51,44
1113,02/06/12,48.5,46.5,02/06/04,51.6,43.8
1114,02/07/12,48.6,47.4,02/07/04,51.6,43.8
1115,02/08/12,48.6,47.4,02/08/04,51.6,43.8
1116,02/09/12,49,47,02/09/04,51.6,43.8
1117,02/10/12,48.8,46.8,02/10/04,51.3,44
1118,02/11/12,48.8,46.8,02/11/04,51.4,44
1119,02/12/12,48,47.2,02/12/04,51.1,44.3
1120,02/13/12,48.4,47,02/13/04,51.1,44.3
1121,02/14/12,48.7,46.2,02/14/04,51.1,44.3
1122,02/15/12,48.8,46.4,02/15/04,50.7,44.7
1123,02/16/12,48.5,46.9,02/16/04,50.3,45.2
1124,02/17/12,48.8,47,02/17/04,50.3,45.2
1125,02/18/12,49,46.8,02/18/04,50.3,45.2
1126,02/19/12,48.9,46.8,02/19/04,49.8,44
1127,02/20/12,48.6,46.6,02/20/04,49,43.3
1128,02/21/12,48.6,46.8,02/21/04,48,42.5
1129,02/22/12,48.9,46.8,02/22/04,48.7,43
1130,02/23/12,48.5,47.2,02/23/04,49,43.5
1131,02/24/12,48.1,46.9,02/24/04,49.3,43.4
1132,02/25/12,47.9,46.9,02/25/04,49,44
1133,02/26/12,47.6,47.1,02/26/04,49,44
1134,02/27/12,48.1,48.1,02/27/04,49,44
1135,02/28/12,48.1,48.4,02/28/04,49.2,44.3
1136,02/29/12,48.6,48.3,02/29/04,49.4,44.8
1137,03/01/12,48.7,48.1,03/01/04,49.6,45.3
1138,03/02/12,48.9,48.1,03/02/04,49.5,46
1139,03/03/12,48.7,48,03/03/04,49.8,46.5
1140,03/04/12,48.7,48,03/04/04,49.8,46.5
1141,03/05/12,48.1,48,03/05/04,49.8,46.5
1142,03/06/12,48.3,47.6,03/06/04,49.8,46.5
1143,03/07/12,48.6,47.3,03/07/04,49.5,46.6
1144,03/08/12,49.1,46.9,03/08/04,49,46.7
1145,03/09/12,49.2,47.2,03/09/04,49,46.7
1146,03/10/12,48.8,47.4,03/10/04,49.1,46.6
1147,03/11/12,47.5,48.3,03/11/04,49.2,46.8
1148,03/12/12,46.6,47.4,03/12/04,49.1,47
1149,03/13/12,47.2,47.8,03/13/04,49.4,46.6
1150,03/14/12,47.1,46.9,03/14/04,49.6,46.2
1151,03/15/12,46.8,47.3,03/15/04,49.8,45.8
1152,03/16/12,46.9,47.1,03/16/04,49.8,45.8
1153,03/17/12,46.9,47.1,03/17/04,49.8,45.8
1154,03/18/12,47.1,46.9,03/18/04,49.9,45.6
1155,03/19/12,47.5,46.5,03/19/04,50,45.7
1156,03/20/12,47.5,46.5,03/20/04,50.1,45.8
1157,03/21/12,47,46.8,03/21/04,49.9,45.5
1158,03/22/12,46.9,47,03/22/04,49.7,45.8
1159,03/23/12,47,46.9,03/23/04,50,46
1160,03/24/12,47.1,46.8,03/24/04,50,46
1161,03/25/12,46.9,46.8,03/25/04,49.8,45.5
1162,03/26/12,47.1,46.8,03/26/04,49.6,45.3
1163,03/27/12,47.1,46.9,03/27/04,49.4,45.2
1164,03/28/12,47.7,46.5,03/28/04,49.2,44.8
1165,03/29/12,47.3,46.9,03/29/04,49,44.3
1166,03/30/12,47.7,47,03/30/04,49,44.3
1167,03/31/12,47.3,47.5,03/31/04,49,44.3
1168,04/01/12,47.8,46.7,04/01/04,48.9,44.8
1169,04/02/12,48,46.5,04/02/04,48.8,45.1
1170,04/03/12,48,46.5,04/03/04,48.7,45.4
1171,04/04/12,47.8,47,04/04/04,48.8,45.8
1172,04/05/12,48.2,47,04/05/04,48.6,46.4
1173,04/06/12,48.5,46.3,04/06/04,48.6,46.4
1174,04/07/12,48.3,46.5,04/07/04,48.6,46.4
1175,04/08/12,48.3,46.5,04/08/04,48.7,46.3
1176,04/09/12,48,46.5,04/09/04,48.8,46.4
1177,04/10/12,48,47,04/10/04,48.7,46.5
1178,04/11/12,48.4,46.6,04/11/04,48.6,46.6
1179,04/12/12,47.8,47,04/12/04,48.7,46.6
1180,04/13/12,47.7,47.2,04/13/04,48.8,46.6
1181,04/14/12,47.3,47.7,04/14/04,48.9,47
1182,04/15/12,47.2,48,04/15/04,49,47.2
1183,04/16/12,47.3,48.2,04/16/04,49.4,47.6
1184,04/17/12,47.1,48,04/17/04,49.4,48
1185,04/18/12,47.3,47.3,04/18/04,49.3,48.2
1186,04/19/12,47.6,47,04/19/04,49.5,48.8
1187,04/20/12,47.5,47,04/20/04,49.4,48
1188,04/21/12,47.6,47,04/21/04,49.3,47.7
1189,04/22/12,47.4,47.1,04/22/04,49.7,47.3
1190,04/23/12,48.1,47.3,04/23/04,50.2,47
1191,04/24/12,48.3,47.1,04/24/04,49.8,46.5
1192,04/25/12,47.9,47.6,04/25/04,49.6,46.3
1193,04/26/12,48.1,47.4,04/26/04,49.4,46.1
1194,04/27/12,48,47.4,04/27/04,49.2,45.7
1195,04/28/12,48,47.5,04/28/04,48.8,45.3
1196,04/29/12,47.8,47.6,04/29/04,49,45.2
1197,04/30/12,47.6,48,04/30/04,49.2,45.1
1198,05/01/12,47.8,47.9,05/01/04,49.4,45
1199,05/02/12,48.1,47.5,05/02/04,48.6,45
1200,05/03/12,48.1,47.3,05/03/04,48,45.2
1201,05/04/12,47.9,47.4,05/04/04,47.4,45.4
1202,05/05/12,47.6,47.6,05/05/04,47.9,45.5
1203,05/06/12,47.3,48,05/06/04,48.3,45.7
1204,05/07/12,47.1,48,05/07/04,48.2,46
1205,05/08/12,47.3,47.9,05/08/04,48.1,46.1
1206,05/09/12,47.3,47.9,05/09/04,48,46.3
1207,05/10/12,47.4,47.9,05/10/04,48.2,46.5
1208,05/11/12,48.2,48.5,05/11/04,47.7,47
1209,05/12/12,48,48.7,05/12/04,47.2,47.4
1210,05/13/12,48,48.5,05/13/04,46.4,48
1211,05/14/12,48.3,48.6,05/14/04,45.6,49
1212,05/15/12,48,48.5,05/15/04,45,50
1213,05/16/12,48.3,48.3,05/16/04,44.9,50.1
1214,05/17/12,48.4,48.1,05/17/04,44.8,50.2
1215,05/18/12,48.7,48,05/18/04,44.8,50.2
1216,05/19/12,48.6,47.9,05/19/04,44.8,50.2
1217,05/20/12,48.9,47.6,05/20/04,44.8,50.2
1218,05/21/12,49,47.6,05/21/04,45,50
1219,05/22/12,48.7,47.6,05/22/04,45.2,49.7
1220,05/23/12,48.7,47.6,05/23/04,45.4,49.3
1221,05/24/12,48.2,47.8,05/24/04,45.5,49
1222,05/25/12,48,47.8,05/25/04,45.6,48.8
1223,05/26/12,48.2,47.4,05/26/04,45.5,49
1224,05/27/12,48.2,47.4,05/27/04,45.6,48.9
1225,05/28/12,48.2,47.4,05/28/04,45.7,49.1
1226,05/29/12,48.4,47.2,05/29/04,45.6,49.3
1227,05/30/12,48,47.4,05/30/04,45.8,49.4
1228,05/31/12,48,47.4,05/31/04,45.8,49.4
1229,06/01/12,48.2,47.8,06/01/04,45.8,49.4
1230,06/02/12,48,48,06/02/04,45.8,49.4
1231,06/03/12,47.3,48.7,06/03/04,45.9,49.7
1232,06/04/12,47.8,48.2,06/04/04,45.7,49.9
1233,06/05/12,47.4,47.4,06/05/04,46,50
1234,06/06/12,47.7,47.3,06/06/04,45.8,50.5
1235,06/07/12,47.4,47.3,06/07/04,46,51
1236,06/08/12,47.6,47.1,06/08/04,46.3,50.8
1237,06/09/12,47.6,47,06/09/04,46.3,50.3
1238,06/10/12,48.2,47.7,06/10/04,47,49.8
1239,06/11/12,48.3,47.7,06/11/04,47,49.8
1240,06/12/12,48.1,48.1,06/12/04,47.2,49.5
1241,06/13/12,47.9,48.1,06/13/04,47.5,49.1
1242,06/14/12,47.7,48.4,06/14/04,47.7,48.7
1243,06/15/12,47.4,48.6,06/15/04,47.9,48.5
1244,06/16/12,47.6,48.6,06/16/04,48,48.1
1245,06/17/12,47.3,48.9,06/17/04,48,48.1
1246,06/18/12,47.4,48.6,06/18/04,48.2,47.9
1247,06/19/12,47.1,48.7,06/19/04,48.4,47.7
1248,06/20/12,48.3,48,06/20/04,48.6,47.5
1249,06/21/12,47.9,47.8,06/21/04,48.9,47.3
1250,06/22/12,47.7,47.7,06/22/04,49.3,47
1251,06/23/12,47.9,47.4,06/23/04,49.4,46.9
1252,06/24/12,48.5,47.7,06/24/04,49.3,47
1253,06/25/12,48.2,47.8,06/25/04,49.1,47.2
1254,06/26/12,48.1,47.6,06/26/04,48.8,47.4
1255,06/27/12,47.9,47.7,06/27/04,48.6,47.5
1256,06/28/12,48,46.9,06/28/04,48.3,47.5
1257,06/29/12,47.9,47.5,06/29/04,48,47.7
1258,06/30/12,48,47.6,06/30/04,47.7,47.9
1259,07/01/12,47.9,47.7,07/01/04,47.5,48
1260,07/02/12,47.7,48.1,07/02/04,47.4,48.2
1261,07/03/12,47.7,48.1,07/03/04,47.4,48.4
1262,07/04/12,47.8,48.3,07/04/04,47.2,48.1
1263,07/05/12,47.6,48.3,07/05/04,47.2,48.1
1264,07/06/12,47.3,48.3,07/06/04,47,47.9
1265,07/07/12,47.7,48,07/07/04,47.1,47.7
1266,07/08/12,47.4,48.3,07/08/04,47.2,47.5
1267,07/09/12,47,48.6,07/09/04,47.1,47.6
1268,07/10/12,46.7,48.9,07/10/04,47,47.5
1269,07/11/12,46.9,48.6,07/11/04,46.8,47.8
1270,07/12/12,47,48.8,07/12/04,46.7,48
1271,07/13/12,47.3,48.8,07/13/04,46.7,48
1272,07/14/12,47.3,48.4,07/14/04,46.9,48
1273,07/15/12,47.3,48.4,07/15/04,47.1,48.5
1274,07/16/12,47.3,48.3,07/16/04,47.2,49
1275,07/17/12,47.2,48.4,07/17/04,47.4,48.7
1276,07/18/12,46.8,47.8,07/18/04,47.1,48.5
1277,07/19/12,46.9,47.9,07/19/04,47.1,48.5
1278,07/20/12,47,47.6,07/20/04,47.5,48.1
1279,07/21/12,47,47.8,07/21/04,47.9,47.7
1280,07/22/12,47.1,47.6,07/22/04,48.1,47.2
1281,07/23/12,46.9,47.9,07/23/04,48.6,46.9
1282,07/24/12,47,47.9,07/24/04,48.9,47.1
1283,07/25/12,47.1,47.9,07/25/04,48.7,47.3
1284,07/26/12,47.3,47.8,07/26/04,48.8,47.4
1285,07/27/12,47.2,48,07/27/04,48.8,47.4
1286,07/28/12,47.1,48.1,07/28/04,48.8,47.4
1287,07/29/12,47.1,47.9,07/29/04,48.8,47.4
1288,07/30/12,47.5,47.5,07/30/04,48.3,47.8
1289,07/31/12,47.4,47.5,07/31/04,47.8,48
1290,08/01/12,47.4,47.8,08/01/04,47.3,48.2
1291,08/02/12,47,48,08/02/04,46.9,48.4
1292,08/03/12,46.9,48,08/03/04,46.6,48.6
1293,08/04/12,47,47.9,08/04/04,46.9,48.8
1294,08/05/12,47.1,47.6,08/05/04,47.2,48.7
1295,08/06/12,47.5,47.4,08/06/04,47.5,48.5
1296,08/07/12,47.8,47.4,08/07/04,47.6,48.3
1297,08/08/12,47.9,47.4,08/08/04,47.7,48
1298,08/09/12,47.8,47.6,08/09/04,47.7,48
1299,08/10/12,47.3,48.3,08/10/04,47.7,48
1300,08/11/12,47,48.3,08/11/04,47.7,48
1301,08/12/12,47.5,48.5,08/12/04,47.7,48
1302,08/13/12,48,48.4,08/13/04,47.8,47.8
1303,08/14/12,48.4,48.4,08/14/04,47.9,47.6
1304,08/15/12,48,48.8,08/15/04,48.1,47.4
1305,08/16/12,48,48.8,08/16/04,48.3,47.3
1306,08/17/12,48,48.8,08/17/04,48.7,46.6
1307,08/18/12,48,48.7,08/18/04,49,45.5
1308,08/19/12,48.5,48.3,08/19/04,49.3,45.8
1309,08/20/12,48.7,48,08/20/04,49.4,45.7
1310,08/21/12,48.2,48.5,08/21/04,49.4,45.7
1311,08/22/12,48.3,48.9,08/22/04,49.4,45.7
1312,08/23/12,48,48.9,08/23/04,49.4,45.7
1313,08/24/12,48.1,48.6,08/24/04,49.5,46
1314,08/25/12,48,48.4,08/25/04,49.5,46
1315,08/26/12,47.9,48.3,08/26/04,49.6,46.1
1316,08/27/12,47.9,48.3,08/27/04,49.8,46.3
1317,08/28/12,47.6,48.4,08/28/04,49.8,46.3
1318,08/29/12,47.7,48.6,08/29/04,49.8,46.3
1319,08/30/12,47.7,48.7,08/30/04,49.5,46.7
1320,08/31/12,47.8,48.6,08/31/04,49.5,46.7
1321,09/01/12,47.4,48.9,09/01/04,50.2,46
1322,09/02/12,47.1,49,09/02/04,50.2,46
1323,09/03/12,47.2,49.2,09/03/04,51.8,45.5
1324,09/04/12,47.2,48.8,09/04/04,52.4,45
1325,09/05/12,47.3,48.8,09/05/04,52.6,44.7
1326,09/06/12,47.5,48.8,09/06/04,52.7,44.3
1327,09/07/12,48,48.5,09/07/04,52.7,44.3
1328,09/08/12,48.5,47.7,09/08/04,52.7,44.3
1329,09/09/12,49.2,47.4,09/09/04,52.9,44
1330,09/10/12,49.2,47.4,09/10/04,52,43.6
1331,09/11/12,49.6,47.2,09/11/04,51.2,43.5
1332,09/12/12,49.8,46.7,09/12/04,51.2,43.5
1333,09/13/12,49.1,47.3,09/13/04,51.3,43.7
1334,09/14/12,49,47.4,09/14/04,51.3,43.7
1335,09/15/12,49.1,47.4,09/15/04,51.5,43.9
1336,09/16/12,49.4,47.1,09/16/04,51.7,44
1337,09/17/12,49.3,47.3,09/17/04,51.7,44
1338,09/18/12,49.2,47.4,09/18/04,51.7,44
1339,09/19/12,49.6,47.4,09/19/04,51.5,44.4
1340,09/20/12,49.6,47.4,09/20/04,51.1,44.7
1341,09/21/12,49.9,47.3,09/21/04,51.1,45
1342,09/22/12,49.8,47.1,09/22/04,51.3,45.3
1343,09/23/12,50,46.9,09/23/04,51,45.7
1344,09/24/12,50,46.9,09/24/04,50.8,46
1345,09/25/12,49.8,47,09/25/04,50.8,46
1346,09/26/12,49.9,47,09/26/04,50.8,46
1347,09/27/12,49.9,47.3,09/27/04,51.5,45.5
1348,09/28/12,49.9,47.4,09/28/04,51,46
1349,09/29/12,49.6,47.7,09/29/04,51.6,45.7
1350,09/30/12,49.3,47.3,09/30/04,52.3,45.3
1351,10/01/12,48.9,48,10/01/04,52.8,45
1352,10/02/12,48.8,48.5,10/02/04,52,45.5
1353,10/03/12,49.2,48,10/03/04,51,46
1354,10/04/12,49.7,47.7,10/04/04,49.8,46.4
1355,10/05/12,49.6,47.7,10/05/04,50,46.5
1356,10/06/12,49.3,48,10/06/04,50.1,46.8
1357,10/07/12,49.1,48.1,10/07/04,50.3,46.7
1358,10/08/12,49.7,47.8,10/08/04,50.3,46.7
1359,10/09/12,49.7,47.7,10/09/04,50,46.7
1360,10/10/12,49.7,47.7,10/10/04,50.5,46
1361,10/11/12,49.8,47.6,10/11/04,49.7,46.7
1362,10/12/12,49.8,47.6,10/12/04,50,46.3
1363,10/13/12,49.4,48,10/13/04,49.7,46.5
1364,10/14/12,49,48.6,10/14/04,49.5,46.7
1365,10/15/12,49.2,48.2,10/15/04,49.6,47
1366,10/16/12,49.2,48,10/16/04,50.3,46.5
1367,10/17/12,49.4,47.8,10/17/04,50.5,46.6
1368,10/18/12,49.4,47.8,10/18/04,50.4,46.8
1369,10/19/12,49.4,48.2,10/19/04,50,46.8
1370,10/20/12,49,48.4,10/20/04,49.8,46.7
1371,10/21/12,49.3,48,10/21/04,49.8,46.7
1372,10/22/12,49.3,46.8,10/22/04,49.4,46.6
1373,10/23/12,49.5,46.8,10/23/04,49.1,46.7
1374,10/24/12,49.8,46.3,10/24/04,48.9,47
1375,10/25/12,49.3,47.3,10/25/04,48.7,47.3
1376,10/26/12,48.7,47.7,10/26/04,48.7,47.3
1377,10/27/12,48.3,48.1,10/27/04,48.5,47.5
1378,10/28/12,48.7,47.9,10/28/04,48.9,47.1
1379,10/29/12,49.8,48,10/29/04,49.4,46.7
1380,10/30/12,49.7,47.4,10/30/04,49.8,46.5
1381,10/31/12,49.8,47.3,10/31/04,49.8,46.7
1382,11/01/12,49.8,47.3,11/01/04,49.7,46.7
1383,11/02/12,49.9,47.3,11/02/04,49.5,46.8
1384,11/03/12,50,47,11/03/04,49.5,46.8
1385,11/04/12,49.9,47.4,11/04/04,50,46.8
1386,11/05/12,50,47.2,11/05/04,50.7,47
1387,11/06/12,50.1,47.1,11/06/04,51.5,47
1388,11/07/12,50.1,47.1,11/07/04,51.5,47
1389,11/08/12,50,46.9,11/08/04,51.5,47
1390,11/09/12,49.9,47.1,11/09/04,51.9,46.7
1391,11/10/12,50.2,46.7,11/10/04,52.1,46.3
1392,11/11/12,50.3,46.6,11/11/04,52.3,45.9
1393,11/12/12,50.9,46.7,11/12/04,52.5,45.5
1394,11/13/12,51,46.4,11/13/04,52.5,45.5
1395,11/14/12,51,46.4,11/14/04,52.5,45.5
1396,11/15/12,50.9,46.6,11/15/04,52.3,45
1397,11/16/12,50.8,46.8,11/16/04,52.6,44.8
1398,11/17/12,50.8,46.7,11/17/04,52.8,44.2
1399,11/18/12,51,46.5,11/18/04,52.7,43
1400,11/19/12,50.8,46.7,11/19/04,52.7,43
1401,11/20/12,51.3,46.5,11/20/04,52.7,43
1402,11/21/12,50.8,46.8,11/21/04,52.6,43.2
1403,11/22/12,50.8,46.8,11/22/04,52.5,43.4
1404,11/23/12,50.7,46.7,11/23/04,52.5,43.4
1405,11/24/12,50.7,46.7,11/24/04,52.5,43.4
1406,11/25/12,50.8,46.3,11/25/04,52.5,43.4
1407,11/26/12,51.2,46.2,11/26/04,52.3,43.6
1408,11/27/12,51.2,46,11/27/04,52.1,43.9
1409,11/28/12,51,46.3,11/28/04,51.7,44
1410,11/29/12,50.8,46.7,11/29/04,52,43.7
1411,11/30/12,51,46.5,11/30/04,51.8,43.8
1412,12/01/12,51,46.3,12/01/04,51.8,43.8
1413,12/02/12,51,46.3,12/02/04,51.8,43.8
1414,12/03/12,51.8,45.5,12/03/04,51.8,43.8
1415,12/04/12,52.2,45.2,12/04/04,51.6,44.1
1416,12/05/12,51.8,45.8,12/05/04,51.4,44.3
1417,12/06/12,51.6,44.6,12/06/04,51.2,44.7
1418,12/07/12,53,43,12/07/04,50.9,44.9
1419,12/08/12,53.7,42.3,12/08/04,51,45
1420,12/09/12,53.7,42.5,12/09/04,51,45
1421,12/10/12,53.6,42.7,12/10/04,51,45
1422,12/11/12,53.6,42.6,12/11/04,50.7,45.2
1423,12/12/12,53.2,42.6,12/12/04,50.5,45.5
1424,12/13/12,52.9,42.8,12/13/04,50.3,45.7
1425,12/14/12,52.9,42.9,12/14/04,50,45.8
1426,12/15/12,52.9,42.9,12/15/04,49.6,46
1427,12/16/12,53,42.9,12/16/04,49.2,45.6
1428,12/17/12,52.8,43,12/17/04,48.8,45.8
1429,12/18/12,53,42.4,12/18/04,48.8,45.8
1430,12/19/12,53.8,41.5,12/19/04,48.6,46
1431,12/20/12,53.7,41.8,12/20/04,48.5,45.8
1432,12/21/12,53.7,41.8,12/21/04,48.5,45.8
1433,12/22/12,54,41.6,12/22/04,48.5,45.8
1434,12/23/12,53.8,41.8,12/23/04,48.5,45.8
1435,12/24/12,53.8,41.8,12/24/04,48.5,45.8
1436,12/25/12,53.8,41.8,12/25/04,48.9,45.5
1437,12/26/12,53.8,41.8,12/26/04,48.9,45.5
1438,12/27/12,53.6,42,12/27/04,48.9,45.5
1439,12/28/12,53.2,42.2,12/28/04,48.9,45.5
1440,12/29/12,53.2,42.2,12/29/04,49.2,45.2
1441,12/30/12,53.4,42.1,12/30/04,49.4,45
1442,12/31/12,53.4,42.2,12/31/04,49.7,45.4
1443,01/01/13,53.4,42.1,01/01/05,49.5,45.5
1444,01/02/13,53.4,42,01/02/05,49.5,45.5
1445,01/03/13,53.4,42.1,01/03/05,49.5,45.5
1446,01/04/13,53.1,42.2,01/04/05,49.7,45.4
1447,01/05/13,53.1,42.2,01/05/05,49.9,45.3
1448,01/06/13,53.1,42.3,01/06/05,50.1,45.3
1449,01/07/13,53.1,42.2,01/07/05,50,45.1
1450,01/08/13,53.2,42,01/08/05,50.3,45.3
1451,01/09/13,53.3,42.2,01/09/05,50.3,45.3
1452,01/10/13,53.2,42.3,01/10/05,50.3,45.3
1453,01/11/13,53,42.6,01/11/05,50.1,45.5
1454,01/12/13,53.2,42.3,01/12/05,50,45.7
1455,01/13/13,53.2,42.3,01/13/05,50,45.7
1456,01/14/13,53,42.3,01/14/05,50,45.7
1457,01/15/13,53,42.3,01/15/05,50,45.7
1458,01/16/13,53.4,42.4,01/16/05,50.3,45.4
1459,01/17/13,52.8,43,01/17/05,50.5,45.2
1460,01/18/13,52.3,42.9,01/18/05,50.8,45
1461,01/19/13,51.8,43.3,01/19/05,50.8,45
1462,01/20/13,52.2,43.1,01/20/05,50.8,45
1463,01/21/13,52.1,43.1,01/21/05,50.8,45
1464,01/22/13,52.2,43,01/22/05,50.5,44.7
1465,01/23/13,52.4,42.8,01/23/05,50.2,44.5
1466,01/24/13,52.2,43.1,01/24/05,50,44.2
1467,01/25/13,52.3,42.9,01/25/05,49.8,44.1
1468,01/26/13,52.2,42.9,01/26/05,49.8,44.1
1469,01/27/13,52.3,42.8,01/27/05,49.8,44.1
1470,01/28/13,52.2,43.2,01/28/05,49.6,43.9
1471,01/29/13,52.1,43.2,01/29/05,49.4,43.4
1472,01/30/13,52,43.1,01/30/05,49.5,43.6
1473,01/31/13,52.3,42.8,01/31/05,49.3,43.3
1474,02/01/13,52.5,42.8,02/01/05,49.3,43.3
1475,02/02/13,52.4,42.9,02/02/05,49.3,43.3
1476,02/03/13,52.2,43,02/03/05,49.3,43.3
1477,02/04/13,52.3,42.9,02/04/05,49.5,43.7
1478,02/05/13,52.2,42.9,02/05/05,49.7,44
1479,02/06/13,51.7,43.4,02/06/05,49.9,44.4
1480,02/07/13,51.4,43.7,02/07/05,50.1,44.8
1481,02/08/13,51.1,43.8,02/08/05,50,45.1
1482,02/09/13,51.1,43.6,02/09/05,50.4,45.4
1483,02/10/13,51.1,43.8,02/10/05,50.4,45.4
1484,02/11/13,51.4,43.5,02/11/05,50.4,45.4
1485,02/12/13,51,42.7,02/12/05,50.4,45.4
1486,02/13/13,51.2,42.7,02/13/05,50.7,45.2
1487,02/14/13,50.7,42.8,02/14/05,50.6,45.3
1488,02/15/13,50.3,43.3,02/15/05,50.4,45.1
1489,02/16/13,50.3,43.3,02/16/05,50.5,45
1490,02/17/13,50.2,43.5,02/17/05,50.5,45
1491,02/18/13,50.8,43,02/18/05,50.5,45
1492,02/19/13,50.5,43.2,02/19/05,50.1,45.7
1493,02/20/13,50.9,42.4,02/20/05,49.6,46.4
1494,02/21/13,50.6,42.6,02/21/05,49.3,46.8
1495,02/22/13,50.7,42.6,02/22/05,49,45.7
1496,02/23/13,51,42.6,02/23/05,49,45.7
1497,02/24/13,51,42.6,02/24/05,49.3,45.4
1498,02/25/13,51.1,42.3,02/25/05,49.6,45.2
1499,02/26/13,50.8,42.9,02/26/05,50,45.2
1500,02/27/13,50.8,42.8,02/27/05,50.2,45.2
1501,02/28/13,50.9,43.1,02/28/05,50.5,45.5
1502,03/01/13,50.9,43.6,03/01/05,50.7,45.7
1503,03/02/13,50.3,44,03/02/05,50.7,45.7
1504,03/03/13,50,44.1,03/03/05,50.7,45.7
1505,03/04/13,50,44.1,03/04/05,50.3,45.5
1506,03/05/13,50.4,44,03/05/05,50.5,45.6
1507,03/06/13,49.2,45.4,03/06/05,50.4,45.4
1508,03/07/13,48.3,45.8,03/07/05,50.4,45.4
1509,03/08/13,48.7,45.5,03/08/05,50.1,54.3
1510,03/09/13,48.7,45.5,03/09/05,50.3,45.1
1511,03/10/13,48.8,45.3,03/10/05,50,45
1512,03/11/13,48.7,45.5,03/11/05,50,45
1513,03/12/13,48.3,45.7,03/12/05,50.2,45.7
1514,03/13/13,48.5,46.1,03/13/05,50.4,46.4
1515,03/14/13,48.3,46.3,03/14/05,50.6,47
1516,03/15/13,48.2,46.6,03/15/05,50.6,47
1517,03/16/13,48.2,46.4,03/16/05,50.6,47
1518,03/17/13,48.2,46.3,03/17/05,50.4,46.8
1519,03/18/13,48.3,46.6,03/18/05,50.2,46.4
1520,03/19/13,48.5,47.3,03/19/05,50,46.2
1521,03/20/13,48.3,47.3,03/20/05,49.6,46
1522,03/21/13,48,47.4,03/21/05,49.6,46
1523,03/22/13,48,47.4,03/22/05,48.3,46.3
1524,03/23/13,48,47.3,03/23/05,48.3,46.3
1525,03/24/13,48.1,47.3,03/24/05,48.3,46.3
1526,03/25/13,48,47.4,03/25/05,48.6,46.8
1527,03/26/13,48,47.4,03/26/05,48.8,46.8
1528,03/27/13,47.8,47,03/27/05,48.9,47.3
1529,03/28/13,48,46.8,03/28/05,48.7,47.3
1530,03/29/13,47.9,47,03/29/05,48.4,47.7
1531,03/30/13,47.8,47.1,03/30/05,48.5,48
1532,03/31/13,47.6,47.2,03/31/05,48.5,48
1533,04/01/13,47.8,47.2,04/01/05,48.5,48
1534,04/02/13,47.3,47.6,04/02/05,48.5,48
1535,04/03/13,47.6,47,04/03/05,48.1,48.4
1536,04/04/13,47.8,47.1,04/04/05,47.8,48.9
1537,04/05/13,48,47,04/05/05,47.4,48.7
1538,04/06/13,48,46.9,04/06/05,47.2,48.8
1539,04/07/13,48.1,46.5,04/07/05,47.5,48.3
1540,04/08/13,48.4,46.3,04/08/05,47.5,48.3
1541,04/09/13,48.4,46,04/09/05,47.2,49
1542,04/10/13,48.3,46.3,04/10/05,46.9,50.2
1543,04/11/13,48.6,46.4,04/11/05,46.7,51.3
1544,04/12/13,48.9,46.6,04/12/05,46.7,51.3
1545,04/13/13,48.7,46.7,04/13/05,46.7,51.3
1546,04/14/13,48.7,46.4,04/14/05,46.9,51
1547,04/15/13,49,46.3,04/15/05,47,50.7
1548,04/16/13,49.4,46.8,04/16/05,47,50.7
1549,04/17/13,49,46.8,04/17/05,47.1,50.3
1550,04/18/13,48.8,47.2,04/18/05,47,50
1551,04/19/13,49.3,47.2,04/19/05,46.7,49.7
1552,04/20/13,49.5,46.8,04/20/05,46.7,49.7
1553,04/21/13,50,46.5,04/21/05,46.7,49.7
1554,04/22/13,49.3,47,04/22/05,47.1,49.4
1555,04/23/13,49,47.3,04/23/05,46.9,49
1556,04/24/13,48.5,47.8,04/24/05,47.2,48.7
1557,04/25/13,48.4,47.1,04/25/05,47,48.2
1558,04/26/13,48.5,47.1,04/26/05,47.3,47.8
1559,04/27/13,48.5,47.1,04/27/05,47.3,47.8
1560,04/28/13,48.5,46.9,04/28/05,47.3,47.8
1561,04/29/13,48.5,46.9,04/29/05,47.3,47.8
1562,04/30/13,48.3,46.7,04/30/05,47.5,47.6
1563,05/01/13,48.2,46.8,05/01/05,47.7,47.8
1564,05/02/13,48,47,05/02/05,47.9,48.1
1565,05/03/13,47.9,46.6,05/03/05,47.9,48.1
1566,05/04/13,48.3,46.3,05/04/05,47.9,48.1
1567,05/05/13,48.4,46.1,05/05/05,48.2,48.2
1568,05/06/13,48.4,46.3,05/06/05,48.5,48.4
1569,05/07/13,48,46.7,05/07/05,48.8,48.5
1570,05/08/13,48.6,46.3,05/08/05,48.8,48.5
1571,05/09/13,48.4,46.1,05/09/05,48.8,48.5
1572,05/10/13,48.8,45.6,05/10/05,48.4,48.3
1573,05/11/13,48.8,45.6,05/11/05,48.2,48.2
1574,05/12/13,48.8,45.8,05/12/05,48,48
1575,05/13/13,48.6,46.1,05/13/05,48,48
1576,05/14/13,48.6,46.1,05/14/05,48,48
1577,05/15/13,47.6,46.4,05/15/05,47,48.3
1578,05/16/13,47.8,46.4,05/16/05,46.2,48.1
1579,05/17/13,48,46,05/17/05,45.3,48
1580,05/18/13,48.7,45.8,05/18/05,45.3,48
1581,05/19/13,49,46.5,05/19/05,45.8,48.6
1582,05/20/13,48.7,46.8,05/20/05,46.2,48.5
1583,05/21/13,48.3,47.6,05/21/05,46.4,48.9
1584,05/22/13,48.3,48,05/22/05,46.6,49.1
1585,05/23/13,48.4,47.8,05/23/05,46.8,49.3
1586,05/24/13,48.5,47.4,05/24/05,47,49.4
1587,05/25/13,48.4,47.5,05/25/05,47,49.4
1588,05/26/13,48.3,47.6,05/26/05,47,49.4
1589,05/27/13,48.4,47.5,05/27/05,47,49.4
1590,05/28/13,48.3,47.9,05/28/05,46.7,49.8
1591,05/29/13,48.6,47.6,05/29/05,46.6,50.2
1592,05/30/13,48.1,48.4,05/30/05,46.5,50.5
1593,05/31/13,47.7,48.6,05/31/05,46.4,50.9
1594,06/01/13,47.1,48.9,06/01/05,46.4,50.9
1595,06/02/13,46.7,49.3,06/02/05,46.4,50.9
1596,06/03/13,46.6,49.3,06/03/05,46.1,51.2
1597,06/04/13,47.1,48.7,06/04/05,45.9,51.3
1598,06/05/13,47.4,48.1,06/05/05,45.8,51.4
1599,06/06/13,47.8,47.1,06/06/05,45.8,51.4
1600,06/07/13,47.5,47.4,06/07/05,45.6,51.7
1601,06/08/13,47.5,47.3,06/08/05,46,52
1602,06/09/13,47.3,47.4,06/09/05,46,52
1603,06/10/13,47.1,47.4,06/10/05,46,52
1604,06/11/13,47,47.5,06/11/05,46,52
1605,06/12/13,46.4,48.3,06/12/05,45.8,51.6
1606,06/13/13,46.6,48.3,06/13/05,45.6,51.3
1607,06/14/13,46.6,48.3,06/14/05,45.4,50.8
1608,06/15/13,47,47.8,06/15/05,45.8,50.4
1609,06/16/13,46.6,47.8,06/16/05,45.8,50.4
1610,06/17/13,46.4,48.3,06/17/05,45.8,50.4
1611,06/18/13,45.9,49.6,06/18/05,45.5,50.1
1612,06/19/13,46,49,06/19/05,45.3,49.4
1613,06/20/13,45.8,49.3,06/20/05,45.6,48.6
1614,06/21/13,45.6,49.1,06/21/05,45.6,48.6
1615,06/22/13,45.6,49,06/22/05,45.6,48.6
1616,06/23/13,46,48.8,06/23/05,46,49
1617,06/24/13,46,48.9,06/24/05,46.3,49.6
1618,06/25/13,45.9,48.8,06/25/05,46.7,50.3
1619,06/26/13,46,48.5,06/26/05,47,50.7
1620,06/27/13,46.4,48.3,06/27/05,47.3,51
1621,06/28/13,46.1,48.8,06/28/05,47.3,51
1622,06/29/13,46,48.9,06/29/05,47.3,51
1623,06/30/13,45.6,49.3,06/30/05,47.5,50.7
1624,07/01/13,45.8,49.3,07/01/05,47.8,50.3
1625,07/02/13,45.3,49.2,07/02/05,47.4,49.8
1626,07/03/13,45.3,48.8,07/03/05,47.7,49.3
1627,07/04/13,45.3,48.8,07/04/05,47.7,49.3
1628,07/05/13,45.3,48.5,07/05/05,47.7,49.3
1629,07/06/13,45.3,48.8,07/06/05,48.1,49
1630,07/07/13,45.2,49.2,07/07/05,48.3,48.7
1631,07/08/13,45.3,49.5,07/08/05,47.9,48.4
1632,07/09/13,45.5,50.3,07/09/05,47.7,48.3
1633,07/10/13,44.8,50.8,07/10/05,48,48.5
1634,07/11/13,44.6,49.8,07/11/05,48,48.5
1635,07/12/13,45.2,49.4,07/12/05,48,48.5
1636,07/13/13,45.4,48.8,07/13/05,47.6,48.8
1637,07/14/13,45.6,48.6,07/14/05,47.1,49.1
1638,07/15/13,45.2,49,07/15/05,46.4,49.3
1639,07/16/13,45.2,49.2,07/16/05,46,49.5
1640,07/17/13,45.8,49.4,07/17/05,45.7,49.7
1641,07/18/13,45.4,49.8,07/18/05,45.5,49.8
1642,07/19/13,45.6,49.6,07/19/05,45.5,49.8
1643,07/20/13,45.6,49.4,07/20/05,45.5,49.8
1644,07/21/13,45.8,49,07/21/05,45.6,49.5
1645,07/22/13,45.6,49.2,07/22/05,45.3,49.1
1646,07/23/13,45.4,48.9,07/23/05,45.3,49.1
1647,07/24/13,45.2,48.8,07/24/05,45.1,48.7
1648,07/25/13,45.3,48.8,07/25/05,45.4,48.5
1649,07/26/13,45.2,48.9,07/26/05,45.7,48.3
1650,07/27/13,45.1,49,07/27/05,45.7,48.3
1651,07/28/13,44.8,49.2,07/28/05,45,48.8
1652,07/29/13,44.7,49.3,07/29/05,44,49.3
1653,07/30/13,44.9,49.1,07/30/05,44,49.3
1654,07/31/13,45.4,48.9,07/31/05,44,49.3
1655,08/01/13,45.4,48.9,08/01/05,44.4,49.5
1656,08/02/13,45.3,48.8,08/02/05,44.4,49.5
1657,08/03/13,45.5,48.6,08/03/05,44.7,49.7
1658,08/04/13,45.2,48.8,08/04/05,44.5,50
1659,08/05/13,45.2,49.3,08/05/05,44.4,50.2
1660,08/06/13,45.1,49.3,08/06/05,44.1,50.2
1661,08/07/13,44.8,49.8,08/07/05,44,50.5
1662,08/08/13,44.2,50.3,08/08/05,44.2,50.8
1663,08/09/13,44,50.3,08/09/05,44.2,50.8
1664,08/10/13,43.6,51,08/10/05,44.2,50.8
1665,08/11/13,43.6,51.1,08/11/05,43.9,51.2
1666,08/12/13,43.9,50.9,08/12/05,43.5,51.7
1667,08/13/13,43.8,51.2,08/13/05,43.2,52.8
1668,08/14/13,43.8,51,08/14/05,43.3,53.8
1669,08/15/13,44.2,50.7,08/15/05,43.3,53.8
1670,08/16/13,44.2,50.5,08/16/05,43.3,53.8
1671,08/17/13,44.5,50.2,08/17/05,43.3,53.8
1672,08/18/13,44.7,50.2,08/18/05,43.4,53.6
1673,08/19/13,44.8,50,08/19/05,43.5,53.5
1674,08/20/13,44.5,50.3,08/20/05,43.7,53.2
1675,08/21/13,44.5,50.5,08/21/05,43.7,53.2
1676,08/22/13,44.7,50.3,08/22/05,43.7,53.2
1677,08/23/13,44.7,50.2,08/23/05,43.8,53
1678,08/24/13,44.7,50.2,08/24/05,43.9,53.4
1679,08/25/13,44.2,50.8,08/25/05,44,53.5
1680,08/26/13,44,50.7,08/26/05,44,53.5
1681,08/27/13,43.8,50.5,08/27/05,44,53.5
1682,08/28/13,44.2,50.6,08/28/05,43.6,53
1683,08/29/13,44.2,50,08/29/05,43.4,52.4
1684,08/30/13,44.2,50.4,08/30/05,43.6,52
1685,08/31/13,44.2,50.2,08/31/05,43.8,51.7
1686,09/01/13,44.4,50.2,09/01/05,44,51.5
1687,09/02/13,43.8,50.4,09/02/05,44,51.5
1688,09/03/13,43.6,50.4,09/03/05,44,51.5
1689,09/04/13,44,50.8,09/04/05,43.2,52.3
1690,09/05/13,44.4,50.8,09/05/05,42.7,52.5
1691,09/06/13,44.2,50.8,09/06/05,42.3,52.7
1692,09/07/13,44,50.8,09/07/05,41.9,53
1693,09/08/13,43.8,51,09/08/05,41.6,53.3
1694,09/09/13,43.5,50.9,09/09/05,41.3,53.7
1695,09/10/13,43.5,51.1,09/10/05,41.3,53.7
1696,09/11/13,43.6,51,09/11/05,42,53.5
1697,09/12/13,43.5,51.1,09/12/05,42.7,53.3
1698,09/13/13,43.5,51,09/13/05,42.7,53.3
1699,09/14/13,43.5,50.9,09/14/05,42.7,53.3
1700,09/15/13,43.5,51,09/15/05,42.5,53.7
1701,09/16/13,43.9,50.6,09/16/05,42.3,54.2
1702,09/17/13,44,50.6,09/17/05,42,54.4
1703,09/18/13,44.2,50.6,09/18/05,41.7,54.6
1704,09/19/13,44.1,50.6,09/19/05,41.5,55
1705,09/20/13,44.1,50.6,09/20/05,41.9,54.2
1706,09/21/13,43.9,50.5,09/21/05,42.1,53.8
1707,09/22/13,44.2,50.5,09/22/05,42.4,53.7
1708,09/23/13,43.9,50.7,09/23/05,42.6,53.4
1709,09/24/13,44.3,50.5,09/24/05,42.8,53.1
1710,09/25/13,44.2,50.5,09/25/05,43.2,52.8
1711,09/26/13,44.2,50.8,09/26/05,43.4,52.5
1712,09/27/13,43.8,51.2,09/27/05,43.5,52.3
1713,09/28/13,43.5,51.3,09/28/05,43.8,52
1714,09/29/13,44,51,09/29/05,43.8,52
1715,09/30/13,44.1,51,09/30/05,43.8,51.5
1716,10/01/13,44.5,50.6,10/01/05,43.8,51
1717,10/02/13,44.3,50.6,10/02/05,43.4,51.8
1718,10/03/13,43.9,50.9,10/03/05,42.8,52.8
1719,10/04/13,43.7,50.7,10/04/05,42.2,54
1720,10/05/13,43.7,50.9,10/05/05,41.7,55.3
1721,10/06/13,44.1,50.3,10/06/05,41.3,55.6
1722,10/07/13,44.3,50.3,10/07/05,41,56
1723,10/08/13,44.8,49.8,10/08/05,41,56
1724,10/09/13,44.3,50.4,10/09/05,40.7,55
1725,10/10/13,44.4,50.1,10/10/05,40.3,54.7
1726,10/11/13,44.7,50.1,10/11/05,39.9,54.2
1727,10/12/13,44.6,50.3,10/12/05,39.5,53.7
1728,10/13/13,44.4,50.4,10/13/05,39.5,53.7
1729,10/14/13,44.2,50.6,10/14/05,39.5,53.7
1730,10/15/13,44.1,50.3,10/15/05,39.9,54
1731,10/16/13,43.3,51.4,10/16/05,40,54.2
1732,10/17/13,43.4,51.3,10/17/05,39.8,54.2
1733,10/18/13,43.6,51.1,10/18/05,39.6,54.8
1734,10/19/13,43.7,51.2,10/19/05,39.7,55.3
1735,10/20/13,43.9,51,10/20/05,39.7,55.3
1736,10/21/13,43.7,51.3,10/21/05,39.7,55.3
1737,10/22/13,44.2,51,10/22/05,39.7,55.3
1738,10/23/13,44.3,50.8,10/23/05,40,55
1739,10/24/13,45.1,50.5,10/24/05,40.3,54.7
1740,10/25/13,45,50.8,10/25/05,40.7,54.5
1741,10/26/13,44.9,50.8,10/26/05,41,54.9
1742,10/27/13,45,50.8,10/27/05,41.3,54.7
1743,10/28/13,45,50.9,10/28/05,41.3,54.7
1744,10/29/13,44.9,50.9,10/29/05,41.3,54.7
1745,10/30/13,43.9,51.6,10/30/05,41,55.2
1746,10/31/13,43.9,51.5,10/31/05,40.7,55.6
1747,11/01/13,43.4,51.6,11/01/05,40.4,56.1
1748,11/02/13,43.4,51.7,11/02/05,40,56.6
1749,11/03/13,43.3,51.9,11/03/05,40,58
1750,11/04/13,43.5,51.9,11/04/05,40,58
1751,11/05/13,43.4,51.9,11/05/05,40,58
1752,11/06/13,42.7,52.2,11/06/05,40,58
1753,11/07/13,42.8,52,11/07/05,40,58
1754,11/08/13,42.4,52.4,11/08/05,40,58
1755,11/09/13,41.9,52.9,11/09/05,40,58
1756,11/10/13,42,52.9,11/10/05,40,58
1757,11/11/13,41.9,53.1,11/11/05,40,58
1758,11/12/13,41.4,53.3,11/12/05,40,58
1759,11/13/13,41.7,53.4,11/13/05,40,58
1760,11/14/13,41.3,54.3,11/14/05,40,58
1761,11/15/13,41.5,54.2,11/15/05,40,58
1762,11/16/13,41.3,54.2,11/16/05,40,58
1763,11/17/13,41.3,54.2,11/17/05,40,58
1764,11/18/13,40.7,54.4,11/18/05,40,58
1765,11/19/13,40.6,54.9,11/19/05,40,58
1766,11/20/13,40.3,55.3,11/20/05,40,58
1767,11/21/13,40.4,55.4,11/21/05,40,58
1768,11/22/13,40.5,55.4,11/22/05,40,58
1769,11/23/13,40.8,55.1,11/23/05,40,58
1770,11/24/13,40.6,55,11/24/05,40,58
1771,11/25/13,40.8,55,11/25/05,40,58
1772,11/26/13,41,55,11/26/05,40,58
1773,11/27/13,40.4,55.5,11/27/05,40,58
1774,11/28/13,40.4,55.5,11/28/05,40,58
1775,11/29/13,40.1,55.6,11/29/05,40,58
1776,11/30/13,40.1,55.5,11/30/05,40,58
1777,12/01/13,40.1,55.6,12/01/05,40,58
1778,12/02/13,40,55.6,12/02/05,40,58
1779,12/03/13,39.8,55.9,12/03/05,40,58
1780,12/04/13,40.1,55.5,12/04/05,40,58
1781,12/05/13,40.1,55.3,12/05/05,40,58
1782,12/06/13,40,55.4,12/06/05,40,58
1783,12/07/13,40.3,55.3,12/07/05,40,58
1784,12/08/13,40.6,55,12/08/05,40,58
1785,12/09/13,41.3,54.2,12/09/05,40,58
1786,12/10/13,41.3,53.4,12/10/05,40,58
1787,12/11/13,42.3,53.3,12/11/05,40,58
1788,12/12/13,42.7,53.1,12/12/05,40,58
1789,12/13/13,42.7,53.1,12/13/05,40,58
1790,12/14/13,42.6,53.2,12/14/05,40,58
1791,12/15/13,42.5,53.4,12/15/05,40,58
1792,12/16/13,42.6,53.3,12/16/05,40,58
1793,12/17/13,42.7,53.4,12/17/05,40,58
1794,12/18/13,42.5,53.5,12/18/05,40,58
1795,12/19/13,42.5,53.6,12/19/05,40,58
1796,12/20/13,42.2,53.9,12/20/05,40,58
1797,12/21/13,42.2,53.9,12/21/05,40,58
1798,12/22/13,42.1,54.1,12/22/05,40,58
1799,12/23/13,42.2,54,12/23/05,40,58
1800,12/24/13,42.4,53.8,12/24/05,40,58
1801,12/25/13,42.4,53.8,12/25/05,40,58
1802,12/26/13,42.3,53.9,12/26/05,40,58
1803,12/27/13,42.4,53.7,12/27/05,40,58
1804,12/28/13,42.6,53.6,12/28/05,40,58
1805,12/29/13,42.8,53.3,12/29/05,40,58
1806,12/30/13,42.7,53.4,12/30/05,40,58
1807,12/31/13,42.6,53.4,12/31/05,40,58
1808,01/01/14,42.6,53.4,01/01/06,40,58
1809,01/02/14,42.6,53.4,01/02/06,40,58
1810,01/03/14,42.4,53.6,01/03/06,40,58
1811,01/04/14,42.4,53.8,01/04/06,40,58
1812,01/05/14,42.3,53.8,01/05/06,40,58
1813,01/06/14,42.4,53.7,01/06/06,40,58
1814,01/07/14,42.8,53.7,01/07/06,40,58
1815,01/08/14,42.4,53.6,01/08/06,40,58
1816,01/09/14,42.1,53.1,01/09/06,40,58
1817,01/10/14,42,53.1,01/10/06,40,58
1818,01/11/14,42,53.3,01/11/06,40,58
1819,01/12/14,42.1,53.4,01/12/06,40,58
1820,01/13/14,42,53.4,01/13/06,40,58
1821,01/14/14,41.9,53.6,01/14/06,40,58
1822,01/15/14,42.1,53.3,01/15/06,40,58
1823,01/16/14,42.3,53.4,01/16/06,40,58
1824,01/17/14,42.4,52.8,01/17/06,40,58
1825,01/18/14,42.2,53,01/18/06,40,58
1826,01/19/14,42,53.2,01/19/06,43.6,52.8
1827,01/20/14,42.5,52.2,01/20/06,43.6,52.8
1828,01/21/14,42.8,51.8,01/21/06,43.6,52.8
1829,01/22/14,42.8,51.9,01/22/06,43.6,52.8
1830,01/23/14,43.2,51.6,01/23/06,43.6,52.8
1831,01/24/14,43.2,51.7,01/24/06,43.5,54.3
1832,01/25/14,43.6,51.7,01/25/06,43.5,54.3
1833,01/26/14,43.7,51.7,01/26/06,42.5,52.5
1834,01/27/14,43.7,51.7,01/27/06,43.5,52.3
1835,01/28/14,43.5,51.6,01/28/06,44,51.8
1836,01/29/14,43.1,51.6,01/29/06,43.5,52.6
1837,01/30/14,43.1,51.6,01/30/06,43,52.8
1838,01/31/14,43.4,51.5,01/31/06,42.9,52.9
1839,02/01/14,43.3,51.5,02/01/06,42.9,52.9
1840,02/02/14,43.3,51.5,02/02/06,42.9,52.9
1841,02/03/14,43.3,51.6,02/03/06,42.6,53.2
1842,02/04/14,43.2,51.7,02/04/06,42.6,53.2
1843,02/05/14,42.9,51.9,02/05/06,42.6,53.2
1844,02/06/14,43,51.8,02/06/06,42.6,53.2
1845,02/07/14,42.9,51.9,02/07/06,41.7,53.3
1846,02/08/14,42.8,52.3,02/08/06,41.7,53.3
1847,02/09/14,43.1,52.1,02/09/06,42.5,51.3
1848,02/10/14,43.3,52.1,02/10/06,42.6,52.6
1849,02/11/14,43.1,52.3,02/11/06,42.6,52.6
1850,02/12/14,42.5,53,02/12/06,42.6,52.6
1851,02/13/14,42.3,53,02/13/06,42.4,52.4
1852,02/14/14,43,52.6,02/14/06,42.4,52.4
1853,02/15/14,43.2,52.6,02/15/06,42.4,52.4
1854,02/16/14,43.6,52.4,02/16/06,42.4,52.4
1855,02/17/14,43,52.8,02/17/06,41.8,54
1856,02/18/14,43.2,52.8,02/18/06,41.8,54
1857,02/19/14,43.6,52.4,02/19/06,41.5,54
1858,02/20/14,44.4,52,02/20/06,41.5,54
1859,02/21/14,44.2,52,02/21/06,41.5,54
1860,02/22/14,44.2,51.8,02/22/06,41.3,54.8
1861,02/23/14,44.2,51.8,02/23/06,42.5,54
1862,02/24/14,44.4,52,02/24/06,42.5,54
1863,02/25/14,44,52.6,02/25/06,42.5,54
1864,02/26/14,43.3,52.3,02/26/06,42.5,54
1865,02/27/14,43,52.5,02/27/06,40.4,54.8
1866,02/28/14,43,52.5,02/28/06,40.4,54.8
1867,03/01/14,42.7,53,03/01/06,40.4,54.8
1868,03/02/14,42.5,53.2,03/02/06,38.7,56.7
1869,03/03/14,42.8,52.8,03/03/06,38.7,56.7
1870,03/04/14,43.1,52.7,03/04/06,38.7,56.7
1871,03/05/14,42.5,53.2,03/05/06,38.7,56.7
1872,03/06/14,42.3,53.3,03/06/06,39.8,57
1873,03/07/14,42.5,53.2,03/07/06,39.8,57
1874,03/08/14,42.7,53,03/08/06,39.8,57
1875,03/09/14,43,52.5,03/09/06,39.8,57
1876,03/10/14,43.1,52.4,03/10/06,39.6,57.4
1877,03/11/14,43.4,52.1,03/11/06,39.6,57.4
1878,03/12/14,43.2,52.6,03/12/06,39.6,57.4
1879,03/13/14,43,52.9,03/13/06,39,58.8
1880,03/14/14,42.7,52.7,03/14/06,38,58.4
1881,03/15/14,42.8,52.7,03/15/06,36.4,58
1882,03/16/14,42.9,52.6,03/16/06,36.9,57
1883,03/17/14,42.9,52.6,03/17/06,36.9,57
1884,03/18/14,42.9,52.3,03/18/06,37.6,57.7
1885,03/19/14,43.4,51.9,03/19/06,37.6,57.7
1886,03/20/14,43.4,52,03/20/06,37.6,57.7
1887,03/21/14,43.1,52.4,03/21/06,37.6,57.7
1888,03/22/14,42.9,52.6,03/22/06,37.6,57.7
1889,03/23/14,43.1,52.6,03/23/06,37.6,57.7
1890,03/24/14,43.1,52.4,03/24/06,37.6,57.7
1891,03/25/14,43.2,52.3,03/25/06,39.3,55.3
1892,03/26/14,43,53,03/26/06,39.3,55.3
1893,03/27/14,42.6,53.5,03/27/06,39.8,56.5
1894,03/28/14,42.4,53.8,03/28/06,39.8,56.5
1895,03/29/14,42.5,53.6,03/29/06,39.8,56.5
1896,03/30/14,42.9,53.4,03/30/06,38.8,57.5
1897,03/31/14,43.4,52.9,03/31/06,38.8,57.5
1898,04/01/14,43.1,53.1,04/01/06,38.3,57.8
1899,04/02/14,42.9,52.9,04/02/06,38.3,57.8
1900,04/03/14,43.2,52.6,04/03/06,38.3,57.8
1901,04/04/14,43.4,52.5,04/04/06,38.3,57.8
1902,04/05/14,43.2,52.7,04/05/06,38.5,57.5
1903,04/06/14,42.9,52.8,04/06/06,38.7,55.3
1904,04/07/14,43,52.8,04/07/06,38,57
1905,04/08/14,43,52.7,04/08/06,38,57
1906,04/09/14,43,52.5,04/09/06,38,57
1907,04/10/14,42.9,52.5,04/10/06,38.2,57.5
1908,04/11/14,42.9,52.4,04/11/06,37.7,57.4
1909,04/12/14,42.9,52.4,04/12/06,37.7,57.4
1910,04/13/14,42.6,52.6,04/13/06,37.9,57.4
1911,04/14/14,42.8,52.5,04/14/06,37.9,57.4
1912,04/15/14,43,51.7,04/15/06,37.9,57.4
1913,04/16/14,43.6,51.6,04/16/06,37.9,57.4
1914,04/17/14,43.3,51.6,04/17/06,37.7,58
1915,04/18/14,43.4,51.5,04/18/06,37.7,58
1916,04/19/14,43.6,51.4,04/19/06,38.2,57.5
1917,04/20/14,43.8,51.3,04/20/06,37.1,57.1
1918,04/21/14,44.1,50.9,04/21/06,37.1,57.1
1919,04/22/14,44.7,50.8,04/22/06,37.1,57.1
1920,04/23/14,44.3,51.2,04/23/06,37.1,57.1
1921,04/24/14,43.7,52.2,04/24/06,36,57.7
1922,04/25/14,43.5,52.3,04/25/06,36,57.7
1923,04/26/14,43.7,52.5,04/26/06,36,57.7
1924,04/27/14,43.6,52,04/27/06,34.8,58.8
1925,04/28/14,43.3,52.3,04/28/06,34.8,58.8
1926,04/29/14,43.8,52,04/29/06,34.8,58.8
1927,04/30/14,43.7,51.8,04/30/06,34.8,58.8
1928,05/01/14,43.9,51.4,05/01/06,35.3,58.5
1929,05/02/14,43.8,51.4,05/02/06,35.2,59.3
1930,05/03/14,43.4,51.8,05/03/06,35.2,59.3
1931,05/04/14,43.4,52,05/04/06,36.4,58
1932,05/05/14,43.8,51.9,05/05/06,35.8,59.2
1933,05/06/14,43.9,51.7,05/06/06,35.8,59.2
1934,05/07/14,44.4,51.6,05/07/06,35.8,59.2
1935,05/08/14,44,52.1,05/08/06,35.8,60.3
1936,05/09/14,44.4,51.7,05/09/06,34.7,60.3
1937,05/10/14,44.1,52,05/10/06,34.7,60.3
1938,05/11/14,44.4,51.7,05/11/06,34.7,60.3
1939,05/12/14,44.3,51.7,05/12/06,34.7,60.3
1940,05/13/14,44.6,51.6,05/13/06,34.7,60.3
1941,05/14/14,44.5,51.1,05/14/06,34.2,60.8
1942,05/15/14,44.3,51.4,05/15/06,34.2,60.8
1943,05/16/14,44,51.5,05/16/06,33.8,61.7
1944,05/17/14,44,51.6,05/17/06,33.8,61.7
1945,05/18/14,43.9,51.9,05/18/06,34.4,61.6
1946,05/19/14,44,51.8,05/19/06,34.4,61.6
1947,05/20/14,44,51.9,05/20/06,34.5,60.7
1948,05/21/14,43.9,51.3,05/21/06,34.5,60.7
1949,05/22/14,44.3,50.9,05/22/06,34.5,60.7
1950,05/23/14,44.1,51.3,05/23/06,35.2,60
1951,05/24/14,44,51.4,05/24/06,35.2,60
1952,05/25/14,43.7,52,05/25/06,36.8,59
1953,05/26/14,44,51.7,05/26/06,36.8,59
1954,05/27/14,44,52.1,05/27/06,36.8,59
1955,05/28/14,44,51.9,05/28/06,36.8,59
1956,05/29/14,44,52,05/29/06,36.3,59.3
1957,05/30/14,43.9,52.1,05/30/06,36.3,59.3
1958,05/31/14,43.6,52,05/31/06,36.3,59.3
1959,06/01/14,43.6,52,06/01/06,36.4,58.8
1960,06/02/14,43.7,51.9,06/02/06,36.4,58.8
1961,06/03/14,43.6,52.7,06/03/06,36.4,58.8
1962,06/04/14,43.4,52.6,06/04/06,36.6,58.4
1963,06/05/14,43.4,52.4,06/05/06,36.6,58.4
1964,06/06/14,43.3,52.5,06/06/06,37.3,57.3
1965,06/07/14,43.1,52.8,06/07/06,37.3,57.3
1966,06/08/14,42.8,53.2,06/08/06,37.3,58.8
1967,06/09/14,43.5,52.5,06/09/06,37.3,58.8
1968,06/10/14,43,52.9,06/10/06,37.3,58.8
1969,06/11/14,43.1,52.7,06/11/06,37.3,58.8
1970,06/12/14,42.9,53.1,06/12/06,36.4,59
1971,06/13/14,42.6,53.5,06/13/06,36.8,59.3
1972,06/14/14,42.4,53.8,06/14/06,36.8,59.3
1973,06/15/14,42.3,54,06/15/06,37.8,56.6
1974,06/16/14,42.5,53.5,06/16/06,37.8,56.6
1975,06/17/14,42.4,53.6,06/17/06,37.8,56.6
1976,06/18/14,42.3,53.6,06/18/06,37.5,56.3
1977,06/19/14,42.3,53.9,06/19/06,37.5,56.3
1978,06/20/14,42,54,06/20/06,38.3,54.5
1979,06/21/14,41.8,53.8,06/21/06,38.3,54.5
1980,06/22/14,42.2,53.8,06/22/06,38.8,53.8
1981,06/23/14,41.6,54.1,06/23/06,38.8,53.8
1982,06/24/14,41.6,54,06/24/06,38.8,53.8
1983,06/25/14,41.5,54.1,06/25/06,38.8,53.8
1984,06/26/14,41.5,53.9,06/26/06,38.8,53.8
1985,06/27/14,41.5,53.9,06/27/06,38.3,55.8
1986,06/28/14,41.7,53.7,06/28/06,38.3,55.8
1987,06/29/14,41.7,53.6,06/29/06,38.3,55.8
1988,06/30/14,41.9,53.6,06/30/06,,
1989,07/01/14,41.7,53.3,07/01/06,39.4,56.7
1990,07/02/14,41.6,53.4,07/02/06,39.4,56.7
1991,07/03/14,41.6,53.4,07/03/06,39.4,56.7
1992,07/04/14,41.6,53.4,07/04/06,39.4,56.7
1993,07/05/14,41.9,53.3,07/05/06,39.4,56.7
1994,07/06/14,42.1,53.1,07/06/06,39.4,56.7
1995,07/07/14,42,53.3,07/07/06,39.8,55
1996,07/08/14,41.4,53.9,07/08/06,39.8,55
1997,07/09/14,41.1,54.3,07/09/06,38.5,55.8
1998,07/10/14,41.1,54.1,07/10/06,38.8,56.8
1999,07/11/14,40.9,54.4,07/11/06,38.8,56.8
2000,07/12/14,41,54.1,07/12/06,38.5,57
2001,07/13/14,41,54.1,07/13/06,38.5,57
2002,07/14/14,41.3,54,07/14/06,38.5,57
2003,07/15/14,41.6,53.7,07/15/06,39.3,56
2004,07/16/14,41.9,53.1,07/16/06,39.3,56
2005,07/17/14,41.8,52.8,07/17/06,39.3,56
2006,07/18/14,42,52.7,07/18/06,39.3,56
2007,07/19/14,42.2,52.7,07/19/06,39.3,56
2008,07/20/14,42.2,52.7,07/20/06,38.5,57
2009,07/21/14,42.3,52.2,07/21/06,37.8,58
2010,07/22/14,42.7,52.2,07/22/06,37.4,57.4
2011,07/23/14,42.6,52.6,07/23/06,38.5,56.8
2012,07/24/14,42.4,52.9,07/24/06,37.4,57.8
2013,07/25/14,42,53.1,07/25/06,37.4,57.8
2014,07/26/14,41.9,53.3,07/26/06,37.4,57.8
2015,07/27/14,42,53.8,07/27/06,37.8,57.6
2016,07/28/14,42,54,07/28/06,38.5,56
2017,07/29/14,41.8,54.5,07/29/06,38.5,56
2018,07/30/14,41.5,55,07/30/06,39.8,56
2019,07/31/14,41.7,54.7,07/31/06,39.8,56
2020,08/01/14,41.6,55.3,08/01/06,39.8,56
2021,08/02/14,41.6,55.1,08/02/06,39.8,56
2022,08/03/14,41.6,55.3,08/03/06,39.6,56.6
2023,08/04/14,41.7,55.1,08/04/06,39.7,56.8
2024,08/05/14,41.6,54.9,08/05/06,39.7,56.8
2025,08/06/14,41.4,54.3,08/06/06,39.7,56.8
2026,08/07/14,41.6,54.2,08/07/06,37.6,59.2
2027,08/08/14,41.2,54.1,08/08/06,37.6,59.2
2028,08/09/14,41.1,54.1,08/09/06,37.7,58.5
2029,08/10/14,41,54.1,08/10/06,36.8,57.8
2030,08/11/14,41.1,54.1,08/11/06,36.8,58
2031,08/12/14,41.1,53.4,08/12/06,36.8,58
2032,08/13/14,41.3,52.8,08/13/06,37,57.3
2033,08/14/14,41.1,52.7,08/14/06,37,57.3
2034,08/15/14,41.3,52.4,08/15/06,37,57.3
2035,08/16/14,41.3,52.6,08/16/06,37.1,57.3
2036,08/17/14,41.3,52.6,08/17/06,37.8,57.3
2037,08/18/14,41.6,52.4,08/18/06,40.8,56
2038,08/19/14,41.8,52.1,08/19/06,40.5,56.3
2039,08/20/14,41.8,52.2,08/20/06,40.8,56.2
2040,08/21/14,42,52,08/21/06,40.8,56.2
2041,08/22/14,41.9,51.9,08/22/06,40,56.2
2042,08/23/14,41.7,52.2,08/23/06,39.4,56.4
2043,08/24/14,41.6,52.6,08/24/06,39.4,56.4
2044,08/25/14,42,52.1,08/25/06,39.3,55.8
2045,08/26/14,42.1,52,08/26/06,39.3,55.8
2046,08/27/14,42.1,52.3,08/27/06,38.8,56
2047,08/28/14,41.8,52.4,08/28/06,38.8,56
2048,08/29/14,41.9,52.3,08/29/06,38.8,56
2049,08/30/14,42,52.1,08/30/06,38.8,56
2050,08/31/14,42,52,08/31/06,38.8,55.8
2051,09/01/14,42,52,09/01/06,40,55.5
2052,09/02/14,42,52.1,09/02/06,40,55.5
2053,09/03/14,42,52.3,09/03/06,39.8,55.5
2054,09/04/14,41.7,52.7,09/04/06,39.8,55.5
2055,09/05/14,41.7,52.7,09/05/06,39.8,55.5
2056,09/06/14,41.7,53,09/06/06,40,55.5
2057,09/07/14,41.8,53.2,09/07/06,40,55.5
2058,09/08/14,42.3,53.4,09/08/06,40,55.8
2059,09/09/14,42,53.8,09/09/06,41,54.8
2060,09/10/14,41.4,54.4,09/10/06,41.2,52.7
2061,09/11/14,41.3,54.6,09/11/06,41.2,52.7
2062,09/12/14,41.4,54,09/12/06,41.2,52.7
2063,09/13/14,41.3,54,09/13/06,40.1,54.7
2064,09/14/14,41.6,53.9,09/14/06,40.1,54.7
2065,09/15/14,41.4,54,09/15/06,40.8,55.2
2066,09/16/14,41.3,54.3,09/16/06,40,55.5
2067,09/17/14,41.2,53.8,09/17/06,40.8,55.6
2068,09/18/14,41.3,53.7,09/18/06,41.2,55
2069,09/19/14,41.3,53.7,09/19/06,41.2,55
2070,09/20/14,41.2,53.8,09/20/06,41.2,55
2071,09/21/14,41.3,53.7,09/21/06,41.5,54.8
2072,09/22/14,41.7,53.3,09/22/06,41.5,54.8
2073,09/23/14,41.6,53.4,09/23/06,41.5,54.8
2074,09/24/14,41.5,53.4,09/24/06,42,55
2075,09/25/14,41.4,53.6,09/25/06,41.3,55.8
2076,09/26/14,41.3,53.5,09/26/06,41.3,55.8
2077,09/27/14,41.3,53.7,09/27/06,41.3,55.8
2078,09/28/14,41.3,53.6,09/28/06,41.3,55.8
2079,09/29/14,41.4,53.6,09/29/06,40,56.5
2080,09/30/14,41.7,53.3,09/30/06,40,56.5
2081,10/01/14,41.9,53.6,10/01/06,38.6,57.4
2082,10/02/14,42.2,53.4,10/02/06,38.6,57.4
2083,10/03/14,42.5,53.4,10/03/06,37.4,57.6
2084,10/04/14,42.9,53.4,10/04/06,37.4,57.6
2085,10/05/14,42.9,53.1,10/05/06,38,58.4
2086,10/06/14,43.3,52.8,10/06/06,37.7,57.9
2087,10/07/14,43,52.9,10/07/06,37.7,57.9
2088,10/08/14,42.9,52.7,10/08/06,38.4,57.4
2089,10/09/14,42.5,52.8,10/09/06,38.4,57.3
2090,10/10/14,42,52.9,10/10/06,38.4,57.3
2091,10/11/14,42.1,53,10/11/06,38.4,57.3
2092,10/12/14,42.4,52.6,10/12/06,38.1,57.4
2093,10/13/14,42.6,52.3,10/13/06,38.8,57.3
2094,10/14/14,42.6,52.3,10/14/06,38.6,57.2
2095,10/15/14,42,52.4,10/15/06,38.8,57.2
2096,10/16/14,42,52.5,10/16/06,38.8,57.2
2097,10/17/14,42,52.9,10/17/06,37.3,58
2098,10/18/14,42,53.1,10/18/06,37.3,58
2099,10/19/14,41.6,53.4,10/19/06,38.2,57.4
2100,10/20/14,41.4,53.6,10/20/06,38.2,57.4
2101,10/21/14,41.6,53.4,10/21/06,38.2,57.5
2102,10/22/14,41.5,54.1,10/22/06,38.4,57.6
2103,10/23/14,41.2,54.1,10/23/06,38.4,57.6
2104,10/24/14,41.3,54.2,10/24/06,38.8,57
2105,10/25/14,41.3,54.4,10/25/06,38.7,56.6
2106,10/26/14,41.2,54.4,10/26/06,38.6,55.8
2107,10/27/14,41.5,54.3,10/27/06,38.6,55.8
2108,10/28/14,41.9,54.7,10/28/06,38.3,56
2109,10/29/14,41.7,54.3,10/29/06,38.3,56
2110,10/30/14,42,53.8,10/30/06,38.3,56
2111,10/31/14,42.1,53.4,10/31/06,38.6,56.6
2112,11/01/14,42,53.4,11/01/06,39.8,55
2113,11/02/14,41.8,53.4,11/02/06,39,55.4
2114,11/03/14,41.9,53.4,11/03/06,39,55.4
2115,11/04/14,42,53.3,11/04/06,39,55.4
2116,11/05/14,42.2,53,11/05/06,39,55.4
2117,11/06/14,42,53.2,11/06/06,39,55.4
2118,11/07/14,41.9,53.3,11/07/06,39,55.4
2119,11/08/14,41.8,53.4,11/08/06,39,55.4
2120,11/09/14,41.7,53.4,11/09/06,38,56.9
2121,11/10/14,41.8,53.3,11/10/06,34.8,60.8
2122,11/11/14,41.6,53.7,11/11/06,36.2,59.8
2123,11/12/14,41.6,53.8,11/12/06,35.5,59.5
2124,11/13/14,41.6,53.9,11/13/06,35.6,59.9
2125,11/14/14,41.8,53.5,11/14/06,35.6,59.9
2126,11/15/14,41.7,53.9,11/15/06,35.7,59.7
2127,11/16/14,41.7,53.7,11/16/06,35.7,59.7
2128,11/17/14,42,53.4,11/17/06,37.8,59.3
2129,11/18/14,41.9,53.6,11/18/06,37,59.8
2130,11/19/14,42.3,53,11/19/06,37,59.8
2131,11/20/14,42.3,53.3,11/20/06,37,59.8
2132,11/21/14,42.5,53.2,11/21/06,37,59.8
2133,11/22/14,42.5,53.3,11/22/06,37,59.8
2134,11/23/14,42.7,53,11/23/06,37,59.8
2135,11/24/14,42.5,53,11/24/06,37,59.8
2136,11/25/14,42,53,11/25/06,37,59.8
2137,11/26/14,42.1,53.5,11/26/06,37.3,59.3
2138,11/27/14,42.1,53.5,11/27/06,37.3,59.3
2139,11/28/14,41.8,53.5,11/28/06,37.3,59.3
2140,11/29/14,41.9,53.5,11/29/06,37,59.5
2141,11/30/14,42,53.3,11/30/06,37,59.5
2142,12/01/14,42.3,53,12/01/06,37,59.5
2143,12/02/14,42.3,53.1,12/02/06,37.8,58.8
2144,12/03/14,42.3,53,12/03/06,37.8,57.8
2145,12/04/14,42.3,53,12/04/06,37.5,57.8
2146,12/05/14,42.3,53.2,12/05/06,37.5,57.8
2147,12/06/14,42.2,53.2,12/06/06,35.6,58.8
2148,12/07/14,42.7,53,12/07/06,34.8,59.5
2149,12/08/14,43.3,52.5,12/08/06,35.8,60.8
2150,12/09/14,42.6,52.7,12/09/06,36.5,60.2
2151,12/10/14,42.4,52.6,12/10/06,36.5,60.2
2152,12/11/14,42,53.4,12/11/06,36.5,60.2
2153,12/12/14,42,53.3,12/12/06,36.5,60.2
2154,12/13/14,41.9,53.1,12/13/06,36.5,60.2
2155,12/14/14,41.8,53.3,12/14/06,36.3,60.6
2156,12/15/14,41.9,53.3,12/15/06,36.3,60.6
2157,12/16/14,41.8,53.2,12/16/06,36.3,60.6
2158,12/17/14,41.8,53.3,12/17/06,36.7,60
2159,12/18/14,42,52.8,12/18/06,36.7,60
2160,12/19/14,42.1,52.8,12/19/06,36.7,60
2161,12/20/14,42.3,52.8,12/20/06,36.7,60
2162,12/21/14,42.5,52.6,12/21/06,36.6,60.3
2163,12/22/14,42.4,52.7,12/22/06,36.6,60.3
2164,12/23/14,42.7,52.5,12/23/06,36.6,60.3
2165,12/24/14,42.7,52.5,12/24/06,36.6,60.3
2166,12/25/14,42.7,52.5,12/25/06,37,59.8
2167,12/26/14,42.6,52.5,12/26/06,37,59.8
2168,12/27/14,42.6,52.5,12/27/06,35.7,59.7
2169,12/28/14,42.8,52.4,12/28/06,35.7,59.7
2170,12/29/14,42.8,52.5,12/29/06,34.5,61.3
2171,12/30/14,43.1,52.4,12/30/06,35.8,61
2172,12/31/14,43.2,52.3,12/31/06,35.8,61
2173,01/01/15,43.2,52.3,01/01/07,35.8,61
2174,01/02/15,43.4,52.1,01/02/07,35,62
2175,01/03/15,43.6,51.9,01/03/07,35,62
2176,01/04/15,43.8,51.9,01/04/07,37,60.5
2177,01/05/15,44.1,51.5,01/05/07,36.6,60
2178,01/06/15,44.3,51.4,01/06/07,36.6,60
2179,01/07/15,44.4,51.6,01/07/07,36.6,60
2180,01/08/15,44.1,51.9,01/08/07,35.7,60.3
2181,01/09/15,43.9,52.1,01/09/07,34,61.4
2182,01/10/15,43.7,52.6,01/10/07,34,61.4
2183,01/11/15,43.9,52.4,01/11/07,33.9,61.6
2184,01/12/15,44.3,52,01/12/07,34.2,61.3
2185,01/13/15,44.5,51.3,01/13/07,34.2,61.3
2186,01/14/15,44.7,50.1,01/14/07,33.9,61.3
2187,01/15/15,44.4,50.3,01/15/07,33.9,61.3
2188,01/16/15,44.7,50.1,01/16/07,33.9,61.3
2189,01/17/15,44.7,50.3,01/17/07,33.9,61.3
2190,01/18/15,44.6,50.6,01/18/07,34.1,61.3
2191,01/19/15,44.5,50.5,01/19/07,36.8,58.5
2192,01/20/15,44.7,50.1,01/20/07,36.8,58.5
2193,01/21/15,45,49.9,01/21/07,36.8,58
2194,01/22/15,45.6,49.3,01/22/07,36.8,58
2195,01/23/15,45.8,49.2,01/23/07,36.8,58
2196,01/24/15,46,49.2,01/24/07,35.8,59.4
2197,01/25/15,45.8,49.2,01/25/07,36.2,59.2
2198,01/26/15,45.8,49.2,01/26/07,36.2,59.2
2199,01/27/15,45.4,49.3,01/27/07,35.8,60
2200,01/28/15,45.7,49.6,01/28/07,35.8,60
2201,01/29/15,45.7,49.7,01/29/07,35.8,60
2202,01/30/15,45.9,49.3,01/30/07,34.4,60.6
2203,01/31/15,46,49.1,01/31/07,34.8,60.8
2204,02/01/15,46.2,49.1,02/01/07,34.8,60.8
2205,02/02/15,46.2,49.2,02/02/07,35.8,57
2206,02/03/15,46,49.6,02/03/07,35.8,57
2207,02/04/15,45.9,50,02/04/07,35.8,57
2208,02/05/15,45.4,50.1,02/05/07,35.6,57.2
2209,02/06/15,45.4,49.5,02/06/07,35.5,57.3
2210,02/07/15,45.5,49.4,02/07/07,35.5,57.3
2211,02/08/15,45.6,49.4,02/08/07,35.8,58.3
2212,02/09/15,45.8,49.7,02/09/07,35.8,58.3
2213,02/10/15,45.8,49.7,02/10/07,35.8,58.3
2214,02/11/15,45.6,50,02/11/07,35.8,58.3
2215,02/12/15,45.6,50,02/12/07,35.8,58.3
2216,02/13/15,45.6,50.3,02/13/07,35.8,59
2217,02/14/15,45.7,50,02/14/07,35.8,59.2
2218,02/15/15,45.2,50.2,02/15/07,35.8,59.2
2219,02/16/15,45.6,50,02/16/07,34.8,59.8
2220,02/17/15,45.6,50,02/17/07,34.3,60
2221,02/18/15,45.2,50.4,02/18/07,34.3,60
2222,02/19/15,45.4,50,02/19/07,34.3,60
2223,02/20/15,45.3,50,02/20/07,34.3,60.1
2224,02/21/15,45.7,49.6,02/21/07,34.3,60.1
2225,02/22/15,45.6,49.7,02/22/07,34.3,60.1
2226,02/23/15,45.3,50,02/23/07,34,60
2227,02/24/15,45,50.4,02/24/07,35,61.8
2228,02/25/15,45.1,50.3,02/25/07,35,61.8
2229,02/26/15,44.6,51,02/26/07,35,61.8
2230,02/27/15,44.6,51,02/27/07,35.2,60.2
2231,02/28/15,44.1,51.6,02/28/07,35.2,60.2
2232,03/01/15,44.6,51.1,03/01/07,35.2,60.2
2233,03/02/15,45,50.4,03/02/07,35.2,60.2
2234,03/03/15,44.6,51.1,03/03/07,34.3,60
2235,03/04/15,44,51.5,03/04/07,34.3,60
2236,03/05/15,43.9,51.5,03/05/07,34.3,60
2237,03/06/15,43.8,51.5,03/06/07,34.3,60
2238,03/07/15,43.8,51.5,03/07/07,34.3,60
2239,03/08/15,44,51.4,03/08/07,34.3,60
2240,03/09/15,44.4,51.1,03/09/07,34.3,60
2241,03/10/15,44.8,50.9,03/10/07,34.3,60
2242,03/11/15,44.8,50.8,03/11/07,34.3,60
2243,03/12/15,44.8,50.9,03/12/07,34.3,60
2244,03/13/15,45.1,50.6,03/13/07,33.7,59.7
2245,03/14/15,45.3,50.5,03/14/07,34.5,59.2
2246,03/15/15,45.3,50.5,03/15/07,34.5,59.2
2247,03/16/15,45.1,50.6,03/16/07,34.8,60.5
2248,03/17/15,45,50.6,03/17/07,34.2,60
2249,03/18/15,44.9,50.9,03/18/07,34.2,60
2250,03/19/15,45.1,50.7,03/19/07,34.2,60
2251,03/20/15,45.1,50.9,03/20/07,34.2,60
2252,03/21/15,44.9,51.1,03/21/07,34.2,60
2253,03/22/15,44.8,51.4,03/22/07,34.2,60
2254,03/23/15,45.1,50.9,03/23/07,34.8,60.6
2255,03/24/15,45.1,51,03/24/07,34.8,60.6
2256,03/25/15,45.3,50.9,03/25/07,34.8,60.6
2257,03/26/15,45.1,50.8,03/26/07,34.8,60.6
2258,03/27/15,45.2,50.7,03/27/07,36.5,60
2259,03/28/15,45.4,50.4,03/28/07,36.5,60.3
2260,03/29/15,45.6,50.2,03/29/07,36.2,60
2261,03/30/15,45.8,50,03/30/07,36.2,60
2262,03/31/15,46,49.8,03/31/07,36.2,60
2263,04/01/15,45.6,49.8,04/01/07,35.3,60.2
2264,04/02/15,45.6,49.9,04/02/07,35.3,60.2
